Order_ID,Postal_Code,Longitude,Latitude
1,100082,103.8079006,1.2739
2,100108,103.8102982,1.281
3,101103,103.8133534,1.2807
4,109344,103.8047544,1.2805
5,109691,103.8030238,1.2822
6,109918,103.8112204,1.2682
7,110026,103.7752098,1.2859
8,117396,103.781566,1.2827
9,117440,103.7990648,1.2748
10,117471,103.7771942,1.2887
11,117492,103.7858725,1.2808
12,117522,103.7799676,1.286
13,117543,103.7803449,1.2968
14,117603,103.7751229,1.2956
15,117684,103.7795434,1.2885
16,117829,103.7904831,1.2772
17,117838,103.7904123,1.2777
18,117864,103.7796322,1.2844
19,117958,103.79148,1.2801
20,118028,103.7909477,1.2792
21,118056,103.7909366,1.2786
22,118201,103.789297,1.2778
23,118206,103.7895399,1.278
24,118226,103.7875766,1.2898
25,118227,103.7872316,1.2905
26,118231,103.7870186,1.2919
27,118240,103.7866266,1.2924
28,118253,103.7882701,1.2917
29,118261,103.7913371,1.288
30,118431,103.7796244,1.2917
31,118517,103.7948932,1.275
32,118582,103.7850281,1.279
33,118633,103.7804241,1.2869
34,118643,103.7797917,1.2875
35,118693,103.7755541,1.2894
36,118728,103.7711129,1.291
37,118782,103.7683876,1.2924
38,118843,103.7862513,1.2822
39,118851,103.7858297,1.2827
40,118858,103.7856697,1.283
41,118878,103.7849458,1.2821
42,119007,103.7928226,1.2866
43,119077,103.779774,1.2955
44,119192,103.8020243,1.2675
45,119260,103.7712216,1.295
46,119293,103.7912567,1.2773
47,119366,103.7899979,1.2788
48,119373,103.7895455,1.2787
49,119540,103.7909245,1.2797
50,119595,103.7782987,1.2914
51,119611,103.7735079,1.2917
52,119699,103.7883145,1.2792
53,119784,103.7890477,1.279
54,119963,103.8013994,1.2741
55,120305,103.766014,1.3221
56,120323,103.7670901,1.3158
57,120502,103.759128,1.3119
58,120720,103.763751,1.3025
59,126799,103.7646007,1.2989
60,126880,103.7635953,1.3072
61,126884,103.7633352,1.3071
62,126891,103.753464,1.312
63,127001,103.755484,1.3164
64,127186,103.7662722,1.2948
65,127272,103.7573765,1.3147
66,127324,103.76668,1.2942
67,127365,103.7661223,1.2958
68,127370,103.7658102,1.3029
69,127398,103.7582311,1.312
70,127399,103.7583661,1.3124
71,127451,103.7683937,1.2946
72,127466,103.7535681,1.3164
73,127576,103.7582839,1.3134
74,127594,103.7589138,1.3133
75,127647,103.7535279,1.318
76,127735,103.7579988,1.3126
77,127741,103.7581785,1.3126
78,127828,103.7560601,1.3146
79,127884,103.7564162,1.3125
80,127896,103.7565675,1.3149
81,127962,103.7565993,1.3166
82,128035,103.765644,1.2986
83,128160,103.7633659,1.3087
84,128196,103.765047,1.309
85,128248,103.7563822,1.308
86,128262,103.7562226,1.3082
87,128386,103.7524301,1.3114
88,128389,103.7537419,1.3126
89,128557,103.7661125,1.3056
90,128575,103.7662935,1.3071
91,128613,103.7615932,1.3085
92,128716,103.7635271,1.3074
93,128717,103.7632211,1.3081
94,128743,103.7640098,1.3083
95,128810,103.7616141,1.3185
96,129004,103.7560215,1.3207
97,129102,103.7586164,1.322
98,129177,103.7572173,1.3227
99,129258,103.758482,1.3188
100,129401,103.7572574,1.3206
101,129423,103.7562383,1.3197
102,129748,103.7685519,1.2937
103,129753,103.7687722,1.293
104,129794,103.7683647,1.2934
105,130028,103.7817797,1.3045
106,138674,103.7873541,1.3084
107,138701,103.7941863,1.2976
108,138883,103.793,1.2986
109,138889,103.7935275,1.2996
110,139151,103.7765952,1.3043
111,139248,103.7857623,1.3046
112,139451,103.7773039,1.3073
113,139464,103.775649,1.3051
114,139651,103.7774398,1.3109
115,139844,103.7770302,1.3059
116,140086,103.7993498,1.3044
117,140151,103.8030418,1.2946
118,140183,103.8048623,1.2957
119,141087,103.8097599,1.2957
120,141156,103.8042508,1.2927
121,142083,103.8011373,1.3048
122,148951,103.8011372,1.2975
123,149149,103.8069594,1.2918
124,149604,103.7972945,1.3026
125,149726,103.8051483,1.297
126,149869,103.8050217,1.2909
127,150069,103.8163748,1.287
128,150163,103.8169395,1.2839
129,151010,103.8160882,1.2849
130,158741,103.8183315,1.2908
131,158792,103.8170583,1.2893
132,159029,103.8228367,1.2924
133,159105,103.8111239,1.2916
134,159721,103.8050774,1.2856
135,159836,103.8144529,1.2833
136,159883,103.8173718,1.2928
137,159931,103.8131601,1.2916
138,160020,103.8290403,1.2881
139,160057,103.8334761,1.2848
140,161117,103.8270184,1.282
141,162026,103.8260599,1.2831
142,163018,103.8325924,1.2857
143,164028,103.8277827,1.2882
144,168653,103.829995,1.2828
145,168937,103.8383462,1.2796
146,169038,103.8353713,1.2835
147,169075,103.8342068,1.2889
148,169253,103.8293245,1.2847
149,169420,103.8352871,1.291
150,169568,103.8277875,1.2871
151,169608,103.8339994,1.2785
152,169628,103.8374721,1.2892
153,169645,103.8278677,1.2892
154,169758,103.8351803,1.2835
155,169831,103.8283699,1.2917
156,178881,103.8455596,1.296
157,179038,103.8440825,1.2923
158,180261,103.851967,1.2988
159,188386,103.8547798,1.2962
160,188387,103.8547859,1.2961
161,188427,103.8552479,1.3009
162,188504,103.8530319,1.3029
163,188544,103.8548801,1.3009
164,188671,103.8501779,1.2999
165,189035,103.8565667,1.2981
166,189197,103.8594579,1.3004
167,189208,103.8592096,1.3005
168,189233,103.8589929,1.301
169,189561,103.8506674,1.2969
170,189649,103.8527007,1.3022
171,189684,103.855925,1.2964
172,189703,103.8569492,1.2978
173,189766,103.8561773,1.2958
174,18982,103.8542974,1.2791
175,189850,103.8588794,1.3007
176,189859,103.8586292,1.301
177,190463,103.8619168,1.3051
178,198371,103.859833,1.3051
179,198481,103.8606593,1.3014
180,198674,103.8584796,1.3021
181,198887,103.8596414,1.3022
182,198897,103.8598971,1.3018
183,199143,103.8582791,1.3028
184,199201,103.8592926,1.3037
185,199205,103.859238,1.3038
186,199432,103.8601749,1.3011
187,199451,103.8596622,1.3018
188,199466,103.859272,1.3018
189,199545,103.8600583,1.3007
190,199554,103.8618656,1.3003
191,199582,103.8634865,1.3017
192,199734,103.8595499,1.3005
193,199764,103.8591188,1.3011
194,199768,103.8590767,1.3011
195,199812,103.8585701,1.3017
196,199824,103.8581996,1.3025
197,199898,103.8611969,1.3017
198,199948,103.8602681,1.3034
199,200029,103.8571215,1.3057
200,200639,103.8552036,1.3078
201,207321,103.8533251,1.3078
202,207323,103.8533679,1.3078
203,207408,103.8533402,1.3062
204,207484,103.8527141,1.3064
205,207485,103.8525359,1.3062
206,207522,103.8582662,1.3091
207,207530,103.8584145,1.3094
208,207535,103.8587991,1.3099
209,207540,103.858946,1.3101
210,207754,103.8580187,1.3077
211,207841,103.8588612,1.3124
212,207962,103.8538965,1.309
213,208006,103.8554392,1.3084
214,208024,103.8558456,1.3078
215,208028,103.8559502,1.3077
216,208313,103.8536323,1.304
217,208450,103.8545045,1.3099
218,208559,103.861715,1.3103
219,208576,103.8625329,1.3102
220,208577,103.8625834,1.3103
221,208600,103.8561304,1.3061
222,208674,103.8542553,1.3064
223,208767,103.8627364,1.3078
224,208801,103.8545977,1.3046
225,208810,103.8548767,1.3051
226,208852,103.856401,1.3067
227,208873,103.8563504,1.3073
228,208956,103.8587477,1.3111
229,208980,103.8596755,1.3117
230,208999,103.8595857,1.3132
231,209000,103.860335,1.3132
232,209084,103.8605889,1.311
233,209179,103.860792,1.3111
234,209272,103.8605253,1.3127
235,209297,103.8574989,1.3125
236,209304,103.8572964,1.3122
237,209306,103.85723,1.3121
238,209399,103.8533351,1.305
239,209420,103.853007,1.3053
240,209438,103.8527402,1.3056
241,209439,103.8526066,1.306
242,209460,103.8520486,1.3062
243,209462,103.8520151,1.3063
244,209569,103.8550523,1.3094
245,209579,103.8549515,1.309
246,209645,103.8552509,1.3091
247,209666,103.852145,1.3052
248,209692,103.8525723,1.3048
249,209733,103.852909,1.3068
250,209853,103.8616963,1.3109
251,210009,103.8514544,1.3139
252,210043,103.8494542,1.3153
253,217765,103.8536235,1.3136
254,217918,103.8544903,1.316
255,217977,103.8519005,1.3063
256,217991,103.852112,1.3067
257,218132,103.8564846,1.3129
258,218142,103.8570295,1.3135
259,218163,103.8577761,1.3151
260,218170,103.8574439,1.3141
261,218212,103.8584546,1.3153
262,218253,103.8485001,1.3116
263,218394,103.8538667,1.3151
264,218396,103.8538489,1.3152
265,218439,103.8534808,1.3167
266,218452,103.8529457,1.3176
267,218458,103.8523599,1.3178
268,218557,103.8508571,1.308
269,218571,103.8512819,1.3086
270,218604,103.8527821,1.3105
271,218685,103.8580237,1.3159
272,218692,103.8581503,1.316
273,218919,103.8530547,1.314
274,218929,103.8526346,1.3139
275,218934,103.8527704,1.3143
276,219309,103.8553243,1.3154
277,219380,103.8483144,1.3128
278,219593,103.8489535,1.3139
279,219642,103.8473048,1.3149
280,219679,103.847446,1.3132
281,219680,103.8474958,1.3137
282,219805,103.8505263,1.3071
283,219812,103.8503148,1.3072
284,219854,103.8493893,1.313
285,227982,103.8400861,1.3094
286,228029,103.8490691,1.3031
287,228119,103.8478563,1.3034
288,228231,103.8362252,1.3105
289,228644,103.8423063,1.3124
290,228646,103.8423092,1.3124
291,228750,103.8424247,1.3013
292,228913,103.8339589,1.3054
293,228937,103.8347148,1.3054
294,229016,103.8346467,1.3056
295,229017,103.8349331,1.306
296,229023,103.8350077,1.3057
297,229098,103.8429681,1.3133
298,229133,103.842644,1.3128
299,229188,103.8431182,1.3116
300,229664,103.8369945,1.3062
301,229687,103.8374622,1.3071
302,229774,103.839088,1.3077
303,229834,103.8472801,1.3072
304,229899,103.8466501,1.3104
305,229944,103.8391771,1.3105
306,238002,103.8403721,1.2933
307,238060,103.8427542,1.2939
308,238357,103.8349694,1.2955
309,238363,103.8342021,1.2947
310,238622,103.8408992,1.2986
311,238624,103.8407821,1.2985
312,238666,103.8407196,1.2977
313,238770,103.8421802,1.2972
314,238838,103.8462093,1.2992
315,238839,103.8450727,1.3008
316,238863,103.8339419,1.3045
317,238997,103.8396074,1.292
318,239003,103.839405,1.2915
319,239107,103.8396053,1.2976
320,239219,103.8324,1.2993
321,239225,103.8327038,1.2985
322,239334,103.8394524,1.2942
323,239435,103.8326239,1.2947
324,239537,103.8390585,1.2983
325,239845,103.8381191,1.2979
326,239928,103.8440048,1.2932
327,247692,103.8117759,1.3055
328,247696,103.8095261,1.3042
329,247733,103.8307008,1.2943
330,247767,103.8308618,1.294
331,247771,103.8309406,1.2936
332,247775,103.8310265,1.2934
333,247966,103.8165698,1.292
334,247975,103.8146732,1.2986
335,248035,103.8162944,1.3031
336,248046,103.8139767,1.3025
337,248093,103.8056546,1.3039
338,248097,103.8058035,1.3034
339,248119,103.8049139,1.3041
340,248201,103.8272318,1.2961
341,248301,103.8300994,1.2953
342,248366,103.8291036,1.2931
343,248412,103.8067752,1.3064
344,248415,103.806341,1.3066
345,248486,103.8129435,1.2986
346,248527,103.8070789,1.3058
347,248546,103.8074341,1.3011
348,248554,103.8080232,1.3075
349,248614,103.8046204,1.3019
350,248680,103.8260473,1.3017
351,248690,103.8272384,1.3013
352,248704,103.827897,1.3021
353,248705,103.8279666,1.3022
354,248736,103.8257205,1.2953
355,248772,103.8203102,1.2949
356,248863,103.8246655,1.3013
357,248924,103.8136293,1.297
358,248927,103.8121336,1.2981
359,248929,103.8117338,1.2985
360,248969,103.8297583,1.2964
361,249138,103.8290704,1.3024
362,249155,103.8272197,1.3021
363,249162,103.8268469,1.3018
364,249249,103.8278949,1.3018
365,249351,103.82708,1.3004
366,249499,103.8039476,1.3102
367,249720,103.8279519,1.3062
368,249770,103.8210653,1.2996
369,249900,103.8246324,1.2955
370,249970,103.8223236,1.2976
371,257606,103.82338,1.317
372,257747,103.8074654,1.3106
373,257748,103.8074018,1.3107
374,257766,103.8077003,1.3118
375,257854,103.8261499,1.3166
376,257940,103.8256242,1.3155
377,257945,103.8254718,1.3149
378,258026,103.8060046,1.3111
379,258098,103.8247618,1.3065
380,258187,103.8287395,1.3183
381,258415,103.8220404,1.3126
382,258774,103.8135095,1.3216
383,258796,103.8135239,1.3207
384,258856,103.8071737,1.308
385,258995,103.8104308,1.3181
386,259096,103.8247063,1.3138
387,259101,103.8242513,1.3141
388,259121,103.8232525,1.3133
389,259177,103.8245483,1.3125
390,259186,103.823948,1.3136
391,259240,103.8096022,1.3198
392,259426,103.8309789,1.3099
393,259449,103.81923,1.3149
394,259546,103.8220464,1.3204
395,259672,103.8125139,1.3158
396,259699,103.8363209,1.3152
397,259765,103.8139744,1.3227
398,259864,103.8292278,1.3145
399,259913,103.8352715,1.3162
400,259914,103.8352303,1.3163
401,259963,103.8301523,1.309
402,266134,103.8032958,1.3227
403,266148,103.8038553,1.3226
404,266225,103.8028494,1.3159
405,266257,103.7928774,1.321
406,266275,103.7918039,1.3211
407,266278,103.791968,1.321
408,266286,103.7917276,1.3209
409,266293,103.7913439,1.3209
410,266365,103.8004637,1.3229
411,266466,103.8067385,1.319
412,266479,103.8043003,1.3171
413,266576,103.7983611,1.3296
414,266622,103.8118777,1.3221
415,266757,103.8086078,1.3201
416,266781,103.8097483,1.3214
417,266862,103.7894338,1.3187
418,266865,103.7895944,1.3182
419,266930,103.8077647,1.3232
420,266949,103.8069661,1.322
421,266983,103.808736,1.3226
422,267016,103.7920169,1.316
423,267045,103.7930207,1.3148
424,267055,103.7917457,1.3151
425,267177,103.7974977,1.3235
426,267341,103.7970317,1.3248
427,267348,103.7960438,1.3245
428,267379,103.7944936,1.3248
429,267452,103.7956583,1.324
430,267621,103.798154,1.3268
431,267680,103.7946826,1.3253
432,267753,103.8098281,1.3218
433,268127,103.8077364,1.3194
434,268131,103.8073889,1.3191
435,268146,103.8056642,1.3172
436,268242,103.7965045,1.3226
437,268245,103.7966915,1.3226
438,268256,103.7974739,1.3225
439,268573,103.7937907,1.3234
440,268749,103.7998986,1.3279
441,268823,103.803155,1.3135
442,268850,103.8074441,1.3158
443,268987,103.8080584,1.3242
444,269022,103.8059775,1.3219
445,269145,103.8024413,1.3236
446,269177,103.8000148,1.3244
447,269321,103.7969496,1.3216
448,269471,103.8050549,1.3219
449,269503,103.8042646,1.3232
450,269524,103.8028061,1.323
451,269561,103.8056737,1.322
452,269579,103.8054614,1.3228
453,269602,103.8054029,1.3234
454,269606,103.8048695,1.3235
455,269714,103.8094015,1.3243
456,269716,103.8093579,1.3244
457,269734,103.8032904,1.3264
458,269765,103.7960457,1.3311
459,269880,103.800102,1.3185
460,269887,103.8009864,1.3188
461,270033,103.784714,1.3098
462,271019,103.7915061,1.3106
463,272018,103.7918866,1.3111
464,275776,103.7926542,1.3242
465,275781,103.7926268,1.3243
466,275803,103.7902776,1.3314
467,275836,103.7902147,1.3268
468,275957,103.7911207,1.3262
469,275970,103.7910334,1.3265
470,275980,103.7906861,1.3265
471,276341,103.7991589,1.3114
472,276437,103.7928032,1.3258
473,276484,103.7949396,1.3295
474,276505,103.7932962,1.3276
475,276519,103.7938863,1.3275
476,276534,103.7935976,1.3267
477,276559,103.7924066,1.3238
478,276627,103.7885904,1.3193
479,276726,103.7916196,1.3319
480,276836,103.7834097,1.3159
481,276848,103.7838283,1.315
482,276862,103.7846814,1.3145
483,276924,103.7789819,1.3159
484,277221,103.781626,1.3192
485,277262,103.7822172,1.3183
486,277272,103.7815928,1.3181
487,277275,103.7818639,1.3178
488,277378,103.7877718,1.3185
489,277418,103.7879023,1.3196
490,277431,103.7890586,1.3205
491,277488,103.7874406,1.3178
492,277786,103.7932788,1.3307
493,277863,103.7929415,1.3296
494,277978,103.7984296,1.3117
495,278030,103.7987529,1.3087
496,278056,103.7982252,1.3095
497,278176,103.7984289,1.3097
498,278227,103.7980654,1.311
499,278240,103.7980009,1.3106
500,278335,103.7877207,1.316
501,278354,103.7868661,1.3162
502,278456,103.7984702,1.3086
503,278457,103.7991956,1.3086
504,278464,103.7982011,1.3088
505,278535,103.8025768,1.3116
506,278700,103.785198,1.3246
507,278831,103.781621,1.3144
508,278864,103.7826963,1.3138
509,278989,103.7954064,1.3116
510,279027,103.7848287,1.3137
511,279083,103.7834407,1.3126
512,279159,103.7837656,1.3129
513,279208,103.7844347,1.3123
514,279228,103.7831681,1.3222
515,279340,103.7872172,1.3208
516,279344,103.7864687,1.3219
517,279417,103.7864396,1.3246
518,279596,103.7867964,1.3244
519,279702,103.7920218,1.3322
520,279711,103.7912992,1.3321
521,279734,103.7836458,1.3255
522,279766,103.7835801,1.3248
523,279812,103.7907091,1.3117
524,279828,103.7921024,1.3311
525,279860,103.7925218,1.3322
526,286714,103.805295,1.3289
527,286779,103.8062632,1.329
528,286919,103.8058326,1.3365
529,286999,103.8053592,1.3364
530,287054,103.804948,1.3362
531,287068,103.8048041,1.3369
532,287085,103.8047627,1.3378
533,287088,103.8048327,1.3379
534,287098,103.8053985,1.3379
535,287151,103.8089954,1.3304
536,287311,103.8087082,1.3293
537,287329,103.8084944,1.3282
538,287390,103.8084825,1.3287
539,287515,103.809353,1.3266
540,287531,103.8095994,1.3276
541,287644,103.807273,1.3281
542,287789,103.7995453,1.3332
543,287790,103.7996977,1.3328
544,287818,103.8017719,1.3335
545,287896,103.7992364,1.3332
546,287943,103.8014465,1.3343
547,288020,103.7901126,1.3473
548,288217,103.7911104,1.3364
549,288444,103.8105875,1.3277
550,288461,103.8101759,1.3278
551,288478,103.8097517,1.328
552,288634,103.8045969,1.3329
553,288657,103.8045394,1.3366
554,288787,103.8019736,1.3333
555,288856,103.8003752,1.3308
556,289054,103.8078305,1.3365
557,289259,103.8055481,1.3328
558,289307,103.8050086,1.3352
559,289336,103.8059888,1.3345
560,289339,103.8063057,1.3351
561,289405,103.8075918,1.3334
562,289507,103.8066842,1.3322
563,289557,103.8011519,1.3356
564,289705,103.8036413,1.3342
565,297957,103.8189159,1.3274
566,297974,103.8190897,1.3265
567,298048,103.8247184,1.3246
568,298333,103.8386678,1.3305
569,298482,103.8240402,1.3277
570,298497,103.8245238,1.3265
571,298505,103.8253896,1.3265
572,298700,103.8204371,1.338
573,298723,103.8332308,1.3393
574,298859,103.8203367,1.3238
575,298905,103.8361754,1.3383
576,298989,103.8187316,1.3242
577,299022,103.8182981,1.3273
578,299031,103.8182507,1.327
579,299113,103.8314064,1.3389
580,299129,103.8303503,1.3382
581,299215,103.8186504,1.3286
582,299294,103.8192598,1.3285
583,299342,103.8180586,1.3279
584,299360,103.8187517,1.3278
585,299410,103.8186377,1.3281
586,299413,103.8188006,1.3284
587,299527,103.8221988,1.3224
588,299536,103.8209092,1.3227
589,299538,103.8206365,1.3228
590,299582,103.814353,1.3246
591,299638,103.8228038,1.3257
592,299750,103.815271,1.3267
593,299761,103.8163617,1.3269
594,299852,103.8213068,1.3256
595,299933,103.8239202,1.3231
596,299967,103.8335425,1.3358
597,307584,103.8445616,1.3151
598,307622,103.8433698,1.3179
599,307690,103.8413992,1.3214
600,307712,103.8402634,1.3259
601,307727,103.8399656,1.3265
602,307743,103.8421446,1.3163
603,307820,103.8473491,1.3179
604,307913,103.8429026,1.3213
605,307992,103.8425057,1.3168
606,308067,103.8356623,1.3226
607,308107,103.8447352,1.3189
608,308433,103.8499006,1.3195
609,308606,103.8419811,1.3227
610,308612,103.8419684,1.3224
611,308655,103.843393,1.3238
612,308668,103.8436336,1.3234
613,308709,103.8403314,1.3229
614,308835,103.8329356,1.32
615,308878,103.8317604,1.3197
616,309018,103.8331867,1.3196
617,309073,103.8385341,1.3174
618,309101,103.8401191,1.3193
619,309121,103.8390151,1.3185
620,309134,103.841212,1.3193
621,309196,103.8401082,1.3196
622,309218,103.8414327,1.3203
623,309299,103.8403795,1.3159
624,309352,103.8390449,1.327
625,309372,103.8392986,1.3251
626,309571,103.8395387,1.3227
627,309602,103.8381531,1.3226
628,309621,103.839442,1.3231
629,309634,103.8396062,1.3228
630,309742,103.8399218,1.3167
631,309776,103.8410633,1.3183
632,309810,103.8385244,1.326
633,309811,103.8389094,1.326
634,309876,103.8339395,1.3201
635,309891,103.8345014,1.3208
636,309936,103.8345951,1.3192
637,310025,103.8569818,1.3336
638,310061,103.852111,1.3365
639,310086,103.8476914,1.3355
640,310122,103.8462812,1.3398
641,310170,103.8426687,1.3313
642,310191,103.8510254,1.3319
643,310222,103.8560398,1.3418
644,310244,103.856359,1.3307
645,311079,103.8475657,1.3345
646,311123,103.8460319,1.3383
647,311147,103.8453629,1.3347
648,318994,103.8484023,1.3434
649,319060,103.861417,1.3364
650,319264,103.8569857,1.3401
651,319516,103.8519609,1.3331
652,319640,103.8465138,1.3363
653,319641,103.8464569,1.3341
654,319773,103.8436731,1.3305
655,320012,103.86289,1.3229
656,320046,103.8569221,1.3276
657,320115,103.8573375,1.3263
658,321111,103.8555699,1.326
659,327718,103.8533673,1.3225
660,327976,103.8628674,1.3262
661,327995,103.8644768,1.3273
662,328078,103.8642635,1.3252
663,328189,103.865028,1.3237
664,328205,103.8656341,1.3245
665,328210,103.8657394,1.3246
666,328400,103.867238,1.3276
667,328401,103.86743,1.3278
668,328412,103.8668954,1.3278
669,328418,103.8670844,1.3281
670,328485,103.8650579,1.3284
671,328489,103.8647623,1.3287
672,328547,103.8575692,1.3191
673,328602,103.8583042,1.3208
674,328806,103.8530966,1.3243
675,328814,103.853509,1.3254
676,328914,103.8532541,1.3239
677,328923,103.8532718,1.3235
678,328983,103.8649961,1.3258
679,328988,103.8651298,1.326
680,329023,103.8654981,1.3255
681,329670,103.8581078,1.3164
682,329674,103.8579413,1.3165
683,329692,103.8530824,1.3215
684,329764,103.8519627,1.3239
685,329795,103.8499166,1.3252
686,329843,103.8477324,1.3264
687,329870,103.8450078,1.3268
688,329885,103.8441058,1.327
689,329916,103.8427562,1.3263
690,330004,103.8600212,1.3162
691,330043,103.8658333,1.3211
692,330059,103.8682269,1.3227
693,331008,103.8613807,1.3167
694,338719,103.8623091,1.3109
695,338733,103.8614763,1.312
696,338779,103.8594254,1.3148
697,338792,103.859066,1.3153
698,339096,103.8659236,1.3089
699,339161,103.8683068,1.3148
700,339162,103.867631,1.3145
701,339165,103.8686049,1.3149
702,339170,103.8678934,1.3139
703,339174,103.8686659,1.3144
704,339715,103.8702983,1.3169
705,339944,103.865465,1.3191
706,341109,103.8723239,1.3335
707,347499,103.8751334,1.3333
708,347541,103.8709955,1.3321
709,347581,103.8723268,1.3329
710,347695,103.8709609,1.3398
711,347849,103.8695271,1.3294
712,347943,103.870706,1.3291
713,347977,103.8719323,1.3294
714,348070,103.8719323,1.3301
715,348149,103.8708201,1.3318
716,348167,103.8723175,1.3323
717,348280,103.8700451,1.3309
718,348320,103.8714531,1.3331
719,348415,103.8772598,1.3313
720,348482,103.8710494,1.3289
721,348527,103.873471,1.3297
722,348570,103.8768654,1.3309
723,348609,103.8772333,1.3304
724,348812,103.8765227,1.333
725,348831,103.8771253,1.3332
726,348844,103.8781531,1.3339
727,348890,103.8709947,1.3312
728,349189,103.8769829,1.3212
729,349282,103.8732229,1.3243
730,349350,103.8741822,1.3299
731,349355,103.8740517,1.3304
732,349422,103.8736361,1.3308
733,349477,103.8752527,1.3279
734,349621,103.8758762,1.3314
735,349676,103.878165,1.3326
736,349811,103.8756052,1.334
737,349813,103.8754569,1.3339
738,349917,103.8763851,1.3327
739,349935,103.8773784,1.333
740,357737,103.8622456,1.3474
741,357788,103.86788,1.3301
742,357794,103.868029,1.3305
743,357796,103.8679925,1.3306
744,357842,103.8664165,1.3398
745,357871,103.8698713,1.3351
746,357900,103.8696887,1.3359
747,357969,103.8699774,1.347
748,358029,103.8674877,1.3468
749,358091,103.8708202,1.3474
750,358134,103.8642262,1.3467
751,358201,103.870141,1.3442
752,358232,103.869705,1.3448
753,358301,103.8656481,1.3456
754,358424,103.8615397,1.3443
755,358590,103.8650426,1.3451
756,358597,103.8645818,1.3455
757,358678,103.8626655,1.3441
758,358700,103.8685796,1.3454
759,358791,103.8698836,1.3481
760,358801,103.8702681,1.3488
761,358931,103.8660188,1.347
762,358934,103.8656455,1.3471
763,358937,103.8658766,1.3469
764,358973,103.8677636,1.3477
765,358987,103.8677489,1.3472
766,358990,103.86715,1.3476
767,358992,103.8671952,1.347
768,359003,103.8667845,1.3473
769,359015,103.8664117,1.347
770,359026,103.8662579,1.3465
771,359037,103.8658995,1.3462
772,359106,103.8699074,1.346
773,359110,103.868832,1.3461
774,359131,103.8695197,1.3438
775,359162,103.8698825,1.3459
776,359197,103.8678241,1.3482
777,359379,103.8608986,1.3455
778,359447,103.8679204,1.3445
779,359518,103.8660736,1.3449
780,359645,103.8627682,1.3469
781,359678,103.8639435,1.3458
782,359736,103.8628493,1.3491
783,359755,103.8653731,1.3491
784,359777,103.8614071,1.3488
785,359788,103.8637639,1.3435
786,359863,103.8705169,1.3471
787,359895,103.8704028,1.3435
788,360015,103.8802315,1.3355
789,361004,103.8792855,1.3338
790,362207,103.8715087,1.3416
791,367873,103.8788419,1.3331
792,367901,103.8815811,1.335
793,368117,103.8800856,1.3313
794,368127,103.88064,1.3314
795,368128,103.8806959,1.3314
796,368196,103.8832027,1.3321
797,368454,103.8797525,1.3332
798,368565,103.8831694,1.3282
799,368641,103.8798709,1.333
800,368733,103.8802635,1.3328
801,368768,103.8797929,1.3324
802,368894,103.8829388,1.3293
803,369000,103.881607,1.3337
804,369176,103.8808703,1.3322
805,369197,103.8817819,1.3324
806,369201,103.881941,1.3324
807,369436,103.8826346,1.3313
808,369522,103.886875,1.3358
809,369645,103.884262,1.335
810,369864,103.8808547,1.3291
811,373018,103.8887926,1.3293
812,380108,103.8853216,1.3192
813,380116,103.8867006,1.3212
814,380132,103.8859415,1.3163
815,381045,103.8781851,1.3171
816,387436,103.8778722,1.3139
817,387438,103.8779422,1.3139
818,387534,103.8852234,1.3153
819,387785,103.8794876,1.314
820,387814,103.8912945,1.3154
821,387830,103.8912268,1.3157
822,387875,103.8902875,1.3161
823,387877,103.8903932,1.3161
824,387983,103.8875914,1.3151
825,388304,103.8826626,1.3145
826,388366,103.8815063,1.3142
827,388375,103.8814471,1.3152
828,388546,103.8786669,1.3132
829,388563,103.8787659,1.3138
830,388564,103.8784994,1.3139
831,388617,103.8778772,1.3137
832,388668,103.8772335,1.3137
833,388697,103.8769124,1.3127
834,388723,103.876733,1.3134
835,388790,103.8760619,1.3125
836,388944,103.8736529,1.3174
837,388952,103.8733773,1.3174
838,389086,103.8731639,1.3187
839,389199,103.8729213,1.3108
840,389203,103.8731034,1.3109
841,389252,103.8758957,1.3116
842,389276,103.8768385,1.3119
843,389280,103.8771247,1.312
844,389286,103.877277,1.3121
845,389310,103.87805,1.3122
846,389317,103.8774868,1.3125
847,389324,103.8778556,1.3126
848,389371,103.8807936,1.3126
849,389380,103.881327,1.3127
850,389415,103.8838462,1.3132
851,389530,103.8865018,1.3142
852,389550,103.8871254,1.3143
853,389637,103.8916722,1.3148
854,389645,103.8918593,1.3148
855,389780,103.8852714,1.3159
856,389804,103.8817827,1.314
857,390024,103.8854749,1.3065
858,397804,103.8787556,1.3057
859,39799,103.8600994,1.2907
860,398007,103.8812708,1.3075
861,39803,103.8634126,1.2897
862,398086,103.8910645,1.3125
863,398224,103.888031,1.3131
864,398408,103.8856674,1.3133
865,398547,103.8841762,1.3125
866,398797,103.8804414,1.3121
867,398798,103.8808098,1.3121
868,398997,103.8785027,1.3113
869,399085,103.8768812,1.3114
870,399206,103.8765356,1.3098
871,399235,103.87665,1.309
872,399272,103.8761058,1.3106
873,399273,103.8761657,1.3105
874,399286,103.8762589,1.3098
875,399291,103.8762766,1.3095
876,399424,103.8830671,1.312
877,399698,103.8779542,1.3095
878,399738,103.8832269,1.311
879,399787,103.887974,1.3119
880,400328,103.904805,1.3276
881,400334,103.9030715,1.3264
882,400415,103.8978549,1.3182
883,408528,103.8967884,1.3165
884,408589,103.8961543,1.3277
885,408596,103.8971806,1.3281
886,408600,103.8947585,1.319
887,408613,103.8989486,1.3312
888,408703,103.8937577,1.3294
889,408713,103.8953281,1.3297
890,408758,103.8947679,1.3348
891,408761,103.8946621,1.3351
892,408868,103.8941077,1.3329
893,409036,103.8879391,1.3316
894,409074,103.8995366,1.3172
895,409352,103.8960761,1.3196
896,410101,103.9108888,1.3252
897,410646,103.9061715,1.3313
898,415829,103.9079735,1.328
899,415850,103.9081861,1.3281
900,415901,103.9085169,1.3258
901,415995,103.9122361,1.337
902,416074,103.9117981,1.3381
903,416135,103.9020884,1.3354
904,416162,103.9018278,1.3358
905,416184,103.9040945,1.3359
906,416214,103.9025909,1.3344
907,416248,103.9069757,1.3359
908,416257,103.9071871,1.3351
909,416288,103.9191707,1.3217
910,416338,103.9188823,1.323
911,416347,103.9182003,1.3219
912,416408,103.9138986,1.3254
913,416662,103.9073505,1.3185
914,416700,103.9077401,1.3205
915,416705,103.9080666,1.3205
916,416888,103.9117912,1.3197
917,416913,103.9103239,1.3208
918,416917,103.9101307,1.3211
919,417077,103.9098687,1.3211
920,417087,103.9096998,1.3211
921,417113,103.9088205,1.322
922,417144,103.9090916,1.3235
923,417145,103.908529,1.3235
924,417330,103.9146432,1.3257
925,417484,103.9128293,1.3264
926,417646,103.9139321,1.3286
927,417655,103.9146118,1.3287
928,417679,103.9130364,1.3241
929,417719,103.912335,1.3267
930,417847,103.8982919,1.339
931,417892,103.9139001,1.3409
932,418107,103.9078858,1.3302
933,418139,103.9149216,1.3204
934,418211,103.9172377,1.3219
935,418261,103.9176223,1.322
936,418306,103.9163081,1.323
937,418375,103.9160688,1.3272
938,418507,103.9160509,1.3292
939,418553,103.9154203,1.3235
940,418577,103.9156898,1.3259
941,418647,103.9149064,1.3218
942,418696,103.9068047,1.3294
943,418825,103.906494,1.3298
944,418874,103.9167288,1.3261
945,418946,103.9120958,1.3203
946,419010,103.9152079,1.3228
947,419034,103.91847,1.3236
948,419099,103.9142157,1.3198
949,419127,103.9133246,1.3233
950,419187,103.9062753,1.322
951,419200,103.906647,1.3221
952,419256,103.9063503,1.3226
953,419397,103.9088804,1.3247
954,419404,103.9091623,1.3247
955,419411,103.9094144,1.3243
956,419437,103.9173398,1.3251
957,419438,103.9169863,1.3247
958,419529,103.9045413,1.3245
959,419556,103.906771,1.3257
960,419701,103.89883,1.3162
961,419710,103.8994179,1.3163
962,419719,103.9014571,1.3167
963,419749,103.9059592,1.318
964,419799,103.9077531,1.3179
965,419804,103.9084087,1.3184
966,419817,103.9094527,1.3186
967,419818,103.9095191,1.3187
968,419844,103.9106143,1.319
969,419886,103.9127621,1.3193
970,419887,103.9128241,1.3194
971,419892,103.9130769,1.3194
972,419910,103.9145655,1.3194
973,419939,103.9178321,1.3205
974,419967,103.9100304,1.3189
975,423609,103.9017179,1.3112
976,423623,103.9022859,1.3111
977,423645,103.9024718,1.3107
978,423656,103.9028652,1.3099
979,423684,103.9032973,1.3093
980,423692,103.9037833,1.3095
981,423774,103.9090041,1.3172
982,423793,103.9096109,1.3158
983,423875,103.9128669,1.3083
984,423930,103.909211,1.3076
985,423961,103.9076198,1.3101
986,423973,103.9072058,1.3111
987,423992,103.9054629,1.3154
988,424031,103.9085871,1.3106
989,424033,103.9087336,1.3109
990,424050,103.9093211,1.3111
991,424066,103.9072382,1.3081
992,424068,103.9072014,1.3081
993,424069,103.9070438,1.3083
994,424071,103.9069987,1.3083
995,424074,103.9070442,1.308
996,424075,103.9068992,1.3082
997,424079,103.9068047,1.3081
998,424117,103.9098696,1.3072
999,424153,103.9122173,1.3082
1000,424254,103.9072754,1.3049
1001,424262,103.9068665,1.305
1002,424347,103.9054823,1.3105
1003,424394,103.90647,1.3112
1004,424409,103.9070978,1.3104
1005,424412,103.9071404,1.3102
1006,424456,103.9000559,1.3088
1007,424522,103.8984161,1.3141
1008,424551,103.8991625,1.3131
1009,424735,103.9032632,1.3074
1010,424853,103.9022695,1.305
1011,424960,103.9037687,1.3133
1012,425025,103.9065995,1.3089
1013,425036,103.9061045,1.3087
1014,425063,103.9063773,1.3092
1015,425065,103.9064827,1.3093
1016,425198,103.9134024,1.3097
1017,425314,103.9103534,1.3109
1018,425387,103.9140567,1.3109
1019,425432,103.9085958,1.3111
1020,425515,103.9114295,1.3123
1021,425545,103.9134578,1.3125
1022,425605,103.907383,1.3124
1023,425625,103.908195,1.3126
1024,425678,103.9107948,1.3131
1025,425797,103.9078193,1.3129
1026,425924,103.9120046,1.3138
1027,425968,103.9142961,1.3145
1028,425980,103.913926,1.3144
1029,426031,103.9082005,1.3154
1030,426073,103.9106721,1.3161
1031,426104,103.9119336,1.3169
1032,426109,103.9122635,1.3164
1033,426110,103.9122126,1.3168
1034,426112,103.9123756,1.3165
1035,426246,103.9107693,1.3169
1036,426293,103.9129917,1.3179
1037,426362,103.9098891,1.3181
1038,426368,103.9096479,1.3177
1039,426411,103.9049487,1.3163
1040,426568,103.9020449,1.3157
1041,426620,103.9011816,1.3154
1042,426660,103.8997894,1.3146
1043,426726,103.901929,1.3151
1044,426735,103.9024725,1.3151
1045,426783,103.9049323,1.3156
1046,426901,103.9084179,1.3073
1047,426906,103.9081944,1.307
1048,427012,103.9044341,1.3115
1049,427033,103.905017,1.3119
1050,427131,103.9124105,1.3152
1051,427161,103.9136945,1.3151
1052,427203,103.9003783,1.3146
1053,427380,103.8986457,1.3144
1054,427398,103.8993969,1.3139
1055,427423,103.899379,1.3133
1056,427437,103.8997112,1.3129
1057,427449,103.899843,1.3126
1058,427458,103.9007227,1.3121
1059,427465,103.90012,1.3123
1060,427498,103.901476,1.3109
1061,427517,103.9018561,1.3106
1062,427574,103.9026357,1.3093
1063,427584,103.9027472,1.3092
1064,427605,103.9029777,1.3083
1065,427620,103.903211,1.308
1066,427638,103.9038862,1.3071
1067,427679,103.9047178,1.3065
1068,427768,103.9013268,1.3133
1069,427779,103.9011339,1.3136
1070,427929,103.9056212,1.3143
1071,428001,103.9093927,1.3147
1072,428009,103.9109148,1.3154
1073,428047,103.9116482,1.3152
1074,428167,103.9115934,1.316
1075,428203,103.913172,1.3161
1076,428319,103.9119242,1.3082
1077,428517,103.901574,1.3164
1078,428570,103.9015844,1.314
1079,428681,103.9043346,1.3099
1080,428720,103.9034438,1.3022
1081,428741,103.9024165,1.304
1082,428803,103.9044933,1.3059
1083,428815,103.9053132,1.306
1084,428924,103.9072305,1.3077
1085,428965,103.9105644,1.3083
1086,428982,103.9111221,1.3085
1087,428999,103.9121874,1.3087
1088,429026,103.9126067,1.3094
1089,429029,103.9139387,1.3089
1090,429031,103.913997,1.309
1091,429079,103.9156912,1.3101
1092,429151,103.9035528,1.3086
1093,429182,103.9044818,1.3093
1094,429233,103.9060291,1.3106
1095,429235,103.9060337,1.3106
1096,429328,103.9069995,1.3097
1097,429423,103.9059684,1.3139
1098,429468,103.9060149,1.3077
1099,429509,103.9069322,1.3067
1100,429523,103.9079856,1.3061
1101,429574,103.9062488,1.3081
1102,429642,103.9017464,1.3073
1103,429669,103.9010426,1.3084
1104,429719,103.8987916,1.3107
1105,429737,103.8985602,1.3112
1106,429790,103.8984139,1.3131
1107,429803,103.8986997,1.3127
1108,429824,103.8988412,1.3119
1109,429872,103.8998352,1.3105
1110,429895,103.9013225,1.309
1111,430002,103.8976928,1.3123
1112,430012,103.8961288,1.3156
1113,431002,103.883912,1.3032
1114,436622,103.9013106,1.3046
1115,436754,103.8909862,1.303
1116,436780,103.8938155,1.308
1117,436889,103.8838348,1.2988
1118,436914,103.8743045,1.2966
1119,437028,103.8955504,1.3066
1120,437045,103.8953874,1.308
1121,437066,103.8958486,1.3069
1122,437068,103.8958705,1.3068
1123,437086,103.8960617,1.3063
1124,437100,103.8962382,1.3044
1125,437102,103.8962674,1.3044
1126,437103,103.8962825,1.3043
1127,437120,103.8966178,1.3034
1128,437129,103.8967351,1.3028
1129,437155,103.8938509,1.3131
1130,437254,103.90044,1.306
1131,437278,103.8999987,1.3075
1132,437377,103.8931326,1.3099
1133,437378,103.8927685,1.3107
1134,437490,103.8946948,1.3075
1135,437674,103.894353,1.3067
1136,437693,103.9005745,1.304
1137,437773,103.8931239,1.3012
1138,437816,103.897929,1.3025
1139,437853,103.8920368,1.301
1140,437922,103.8930853,1.2984
1141,437934,103.8951407,1.2971
1142,437938,103.8938748,1.2981
1143,437949,103.8957189,1.299
1144,437954,103.8961721,1.2991
1145,438013,103.8920487,1.2975
1146,438039,103.8894409,1.2997
1147,438231,103.8997321,1.3034
1148,438388,103.8966167,1.3008
1149,438686,103.8905239,1.3117
1150,438737,103.895732,1.3132
1151,438781,103.8993147,1.3063
1152,438944,103.8929854,1.3123
1153,439035,103.8876239,1.3039
1154,439053,103.8850185,1.304
1155,439199,103.8953155,1.3093
1156,439234,103.8986709,1.3097
1157,439244,103.8913332,1.3099
1158,439356,103.8923639,1.3084
1159,439513,103.8904986,1.3005
1160,439517,103.891192,1.301
1161,439521,103.8903921,1.3054
1162,439619,103.8887864,1.3031
1163,439624,103.8883712,1.303
1164,439642,103.8857245,1.3034
1165,439693,103.8931221,1.3021
1166,439774,103.8939396,1.3052
1167,439791,103.8889186,1.3049
1168,439804,103.8884166,1.3052
1169,439815,103.8884125,1.3027
1170,439827,103.8878729,1.2988
1171,439944,103.902862,1.3018
1172,440004,103.9177337,1.3051
1173,440013,103.9155755,1.304
1174,440067,103.9096029,1.3045
1175,440072,103.9083649,1.3043
1176,440087,103.9056385,1.3025
1177,441050,103.915737,1.3057
1178,441077,103.9082482,1.3023
1179,449291,103.9320824,1.3095
1180,454782,103.9219528,1.3096
1181,454842,103.9217579,1.3194
1182,454853,103.9207375,1.3185
1183,454871,103.9216536,1.3094
1184,454946,103.9223041,1.3181
1185,454963,103.9227044,1.3086
1186,454980,103.9260615,1.3154
1187,454988,103.9263491,1.3154
1188,455013,103.9225885,1.3142
1189,455024,103.9222307,1.315
1190,455059,103.9289727,1.3143
1191,455068,103.928571,1.3148
1192,455087,103.9292954,1.3155
1193,455223,103.9278205,1.3134
1194,455290,103.9263296,1.3131
1195,455463,103.9276913,1.3183
1196,455488,103.924215,1.3147
1197,455597,103.9216828,1.3217
1198,455624,103.9299805,1.3126
1199,455684,103.9217187,1.3203
1200,455693,103.9215482,1.3206
1201,455698,103.9214217,1.3205
1202,455725,103.9237581,1.3221
1203,455796,103.9189991,1.3192
1204,455865,103.9252179,1.3112
1205,455902,103.9202624,1.3191
1206,455948,103.9206819,1.3202
1207,456018,103.9168886,1.318
1208,456027,103.9174719,1.3173
1209,456028,103.9176168,1.3177
1210,456096,103.9200107,1.32
1211,456110,103.9250035,1.3115
1212,456112,103.9250644,1.3115
1213,456129,103.9255584,1.312
1214,456154,103.919554,1.316
1215,456221,103.9197778,1.3184
1216,456474,103.929503,1.3142
1217,456485,103.9310634,1.3149
1218,456604,103.9317974,1.3135
1219,456641,103.9326265,1.3117
1220,456709,103.9254042,1.3213
1221,456735,103.9205272,1.3212
1222,456768,103.9213543,1.3215
1223,456799,103.9229749,1.3155
1224,456856,103.9285018,1.3155
1225,456946,103.9197346,1.3206
1226,457138,103.9287922,1.3145
1227,457148,103.9282344,1.3146
1228,457178,103.9282385,1.3153
1229,457196,103.9275154,1.3149
1230,457214,103.9259577,1.3148
1231,457218,103.9263164,1.3148
1232,457247,103.9255082,1.3156
1233,457445,103.9205642,1.3105
1234,457449,103.9206811,1.3106
1235,457576,103.9199939,1.3105
1236,457616,103.9254007,1.314
1237,457747,103.9251704,1.3218
1238,457766,103.924657,1.3216
1239,457825,103.9234537,1.321
1240,457875,103.9172501,1.3163
1241,457984,103.9170076,1.3126
1242,457988,103.9183546,1.3132
1243,457994,103.9146131,1.3176
1244,457996,103.914406,1.3174
1245,458173,103.9183881,1.3156
1246,458328,103.9260395,1.3163
1247,458340,103.927151,1.3162
1248,458450,103.9224992,1.3193
1249,458520,103.921313,1.319
1250,458526,103.9210777,1.3187
1251,458595,103.9227139,1.3136
1252,458610,103.9260482,1.3202
1253,458672,103.9312264,1.311
1254,458734,103.9302982,1.3122
1255,458918,103.9221734,1.311
1256,458920,103.9225581,1.3107
1257,458927,103.9223201,1.311
1258,458995,103.9202931,1.3111
1259,458998,103.9210189,1.311
1260,459001,103.9212728,1.3111
1261,459032,103.9228206,1.3115
1262,459053,103.9215777,1.3118
1263,459098,103.9241113,1.3129
1264,459185,103.9231387,1.3088
1265,459209,103.9237111,1.3088
1266,459210,103.9235543,1.3096
1267,459231,103.9244715,1.3101
1268,459252,103.9249049,1.3107
1269,459290,103.9171878,1.3121
1270,459316,103.916598,1.3135
1271,459317,103.9163744,1.3126
1272,459341,103.9162223,1.3149
1273,459371,103.9178612,1.3144
1274,459389,103.9172658,1.3159
1275,459431,103.9192618,1.3129
1276,459455,103.9214187,1.3164
1277,459490,103.9259884,1.3211
1278,459608,103.9188305,1.3114
1279,459689,103.9264825,1.3181
1280,459759,103.9256664,1.3186
1281,459810,103.9218688,1.3122
1282,459822,103.9222086,1.3124
1283,459880,103.9198108,1.3145
1284,459896,103.9196177,1.3149
1285,460026,103.9236205,1.3233
1286,460034,103.9383547,1.3221
1287,460050,103.9435934,1.3236
1288,460069,103.9436324,1.3194
1289,460104,103.9366015,1.3333
1290,460115,103.9371915,1.3317
1291,460216,103.933218,1.3271
1292,460218,103.9337678,1.3274
1293,460419,103.9281358,1.327
1294,460535,103.9234567,1.3327
1295,460542,103.922844,1.3307
1296,461186,103.9403105,1.3299
1297,462055,103.9198078,1.3268
1298,462154,103.9469022,1.3177
1299,465421,103.9446876,1.3272
1300,465448,103.9429772,1.3173
1301,465490,103.9446213,1.3239
1302,465592,103.9455152,1.3303
1303,465593,103.9455352,1.3302
1304,465594,103.9455555,1.3302
1305,465638,103.9456254,1.3315
1306,465688,103.9464478,1.3303
1307,465735,103.9468298,1.3295
1308,465829,103.9492023,1.3244
1309,465864,103.9485118,1.3179
1310,466021,103.9493613,1.32
1311,466089,103.9501629,1.3193
1312,466134,103.9496836,1.3181
1313,466156,103.9508745,1.3185
1314,466213,103.9501998,1.3187
1315,466236,103.9510203,1.3201
1316,466280,103.947886,1.3193
1317,466351,103.948234,1.3209
1318,466358,103.9500399,1.319
1319,466447,103.9373386,1.3149
1320,466505,103.9413933,1.3145
1321,466549,103.9442843,1.3164
1322,466571,103.9442904,1.3156
1323,466609,103.9549226,1.3201
1324,466625,103.9532402,1.3192
1325,466634,103.9539632,1.3179
1326,466640,103.9478048,1.3292
1327,466690,103.9440087,1.3299
1328,466695,103.9437035,1.3301
1329,466816,103.9377769,1.3193
1330,466842,103.9375815,1.3184
1331,466916,103.9376519,1.3171
1332,466953,103.9355586,1.3164
1333,466988,103.9390883,1.3181
1334,467106,103.9386668,1.3191
1335,467328,103.942627,1.3192
1336,467450,103.939614,1.3177
1337,467480,103.9403547,1.3189
1338,467492,103.9399197,1.3189
1339,467557,103.9402826,1.3158
1340,467558,103.9403306,1.3159
1341,467586,103.9404949,1.3172
1342,467704,103.9414597,1.3199
1343,467882,103.9490539,1.3226
1344,467918,103.9503309,1.323
1345,468103,103.9367475,1.3161
1346,468110,103.9372143,1.3157
1347,468282,103.9478957,1.3249
1348,468284,103.9480191,1.325
1349,468301,103.9488563,1.3249
1350,468434,103.945596,1.3245
1351,468440,103.9452759,1.3248
1352,468494,103.947357,1.3227
1353,468499,103.9482092,1.3225
1354,468517,103.9482651,1.323
1355,468649,103.952842,1.3235
1356,468757,103.9528772,1.3199
1357,468763,103.953071,1.3207
1358,468770,103.9527107,1.3204
1359,468781,103.9524969,1.3202
1360,468884,103.9348276,1.315
1361,469104,103.9479132,1.3299
1362,469140,103.9468362,1.3305
1363,469198,103.9480515,1.3253
1364,469204,103.9479006,1.3252
1365,469371,103.9539452,1.3238
1366,469375,103.9536361,1.324
1367,469379,103.9534578,1.3241
1368,469391,103.9531242,1.3246
1369,469407,103.9523907,1.3255
1370,469449,103.9485107,1.3317
1371,469511,103.9474031,1.3311
1372,469512,103.9480007,1.3313
1373,469514,103.9473685,1.3311
1374,469519,103.9473351,1.3312
1375,469597,103.948931,1.3271
1376,469776,103.9487392,1.3291
1377,469855,103.9530391,1.3234
1378,469863,103.9527439,1.3231
1379,469962,103.940077,1.3143
1380,470128,103.9113441,1.3333
1381,470133,103.911768,1.3324
1382,470632,103.9141451,1.3321
1383,478927,103.9353533,1.338
1384,478978,103.9401282,1.3422
1385,479288,103.9207579,1.3383
1386,479306,103.9205163,1.3379
1387,48467,103.8485901,1.2827
1388,48580,103.8513843,1.2818
1389,485998,103.9641681,1.3422
1390,486084,103.9528759,1.3253
1391,48623,103.8521275,1.2847
1392,486233,103.9502523,1.3314
1393,486335,103.9495019,1.332
1394,486364,103.9547415,1.3224
1395,486389,103.9572765,1.3224
1396,486390,103.9573196,1.3224
1397,486419,103.9554641,1.3234
1398,486423,103.9558307,1.3228
1399,486425,103.9559197,1.3229
1400,486430,103.9565419,1.3234
1401,486449,103.9560273,1.3233
1402,486466,103.957035,1.3225
1403,486475,103.9563487,1.3227
1404,486577,103.9560801,1.3217
1405,486582,103.9545935,1.3229
1406,486609,103.9566179,1.321
1407,486652,103.9645537,1.3477
1408,486664,103.9643344,1.3476
1409,486788,103.9686415,1.3329
1410,486798,103.9707045,1.3276
1411,486854,103.9658796,1.347
1412,486903,103.9509878,1.3304
1413,486959,103.9489844,1.3332
1414,486963,103.9492062,1.3333
1415,486967,103.9525815,1.3354
1416,486986,103.9555702,1.3367
1417,487069,103.9546412,1.3248
1418,487078,103.953716,1.3249
1419,487083,103.9549636,1.325
1420,487097,103.9548258,1.3246
1421,487129,103.9576487,1.3386
1422,487182,103.957135,1.3383
1423,487259,103.958138,1.3383
1424,487278,103.9587053,1.3398
1425,487290,103.9586411,1.3402
1426,487409,103.9512595,1.3382
1427,487568,103.9527636,1.3377
1428,487651,103.9443218,1.333
1429,487655,103.9442643,1.3331
1430,487696,103.9444794,1.3326
1431,487889,103.9610038,1.3458
1432,488071,103.9601774,1.3417
1433,488208,103.9463146,1.3333
1434,488229,103.9459584,1.3338
1435,488296,103.9612937,1.3431
1436,488310,103.9615171,1.3438
1437,488550,103.9437316,1.3309
1438,488570,103.9436999,1.3315
1439,488738,103.945803,1.3342
1440,488758,103.9448089,1.3344
1441,489078,103.9501151,1.3307
1442,489127,103.9490257,1.3321
1443,489255,103.9559437,1.3372
1444,489299,103.9536679,1.3361
1445,489324,103.9443901,1.3316
1446,489378,103.9544718,1.3405
1447,489483,103.954325,1.3379
1448,489511,103.9540786,1.3395
1449,489520,103.9548085,1.3403
1450,489734,103.9539805,1.325
1451,489847,103.9516234,1.3277
1452,489871,103.9528623,1.3279
1453,489897,103.9538164,1.3264
1454,489907,103.9541025,1.3262
1455,489922,103.9546201,1.3257
1456,49368,103.8490172,1.2877
1457,49380,103.8490275,1.2872
1458,49401,103.8494921,1.2861
1459,49432,103.8488404,1.2868
1460,49566,103.8478781,1.2835
1461,49844,103.8492427,1.2872
1462,49855,103.8492342,1.2878
1463,498722,103.9796815,1.3293
1464,498739,104.0015517,1.3114
1465,498780,103.9700203,1.3491
1466,498822,104.0035785,1.3267
1467,498846,103.9755313,1.3599
1468,499242,103.9697657,1.3536
1469,499244,103.9695036,1.3532
1470,49954,103.8484448,1.2829
1471,499548,103.978744,1.3656
1472,499620,103.9726288,1.3471
1473,500004,103.9874628,1.3891
1474,50336,103.8427123,1.2828
1475,506820,103.9705249,1.3816
1476,506862,103.9662255,1.3571
1477,506991,103.9713325,1.358
1478,507020,103.9615531,1.3808
1479,507038,103.9734763,1.3629
1480,507283,103.9659961,1.3626
1481,507321,103.9679735,1.3636
1482,507355,103.9656715,1.3628
1483,507429,103.9675159,1.364
1484,507435,103.9673766,1.3642
1485,507479,103.9663913,1.3646
1486,507482,103.9644263,1.363
1487,507517,103.9655937,1.3638
1488,507602,103.9777895,1.3786
1489,507665,103.970105,1.3605
1490,507669,103.9708981,1.3612
1491,507676,103.9740288,1.3633
1492,507690,103.9750763,1.3657
1493,507698,103.9742026,1.3634
1494,507764,103.9792899,1.3906
1495,507820,103.9719233,1.3635
1496,507909,103.9730877,1.3632
1497,508467,103.984833,1.3798
1498,508640,103.9684118,1.3607
1499,508739,103.9750158,1.3807
1500,508917,103.9672536,1.3736
1501,508938,103.9698772,1.374
1502,509064,103.9706894,1.3669
1503,509132,103.9703219,1.3627
1504,509291,103.9681288,1.3628
1505,509306,103.9699284,1.3622
1506,509315,103.9706958,1.3615
1507,509316,103.9701443,1.3613
1508,509336,103.9701836,1.361
1509,509421,103.9603597,1.379
1510,509526,103.9678498,1.3628
1511,509574,103.9649133,1.3609
1512,509882,103.9742993,1.3644
1513,509891,103.9739772,1.3647
1514,509926,103.9863699,1.3895
1515,510122,103.954405,1.3665
1516,510197,103.9607387,1.3664
1517,510216,103.9609132,1.369
1518,510460,103.9590514,1.371
1519,510475,103.9571484,1.3752
1520,510483,103.960046,1.374
1521,510487,103.96059,1.3749
1522,510623,103.9423643,1.3778
1523,510627,103.940582,1.3796
1524,510628,103.9409997,1.379
1525,510640,103.9404302,1.3758
1526,510735,103.9367366,1.3799
1527,510751,103.9340754,1.3779
1528,510779,103.9380666,1.374
1529,510780,103.9377913,1.3736
1530,511108,103.9570169,1.368
1531,511155,103.9633285,1.3638
1532,513530,103.9501139,1.3716
1533,518171,103.944377,1.3696
1534,518209,103.9441225,1.3728
1535,518213,103.943841,1.3718
1536,518218,103.9431528,1.3727
1537,518238,103.9299382,1.3903
1538,518309,103.946824,1.3801
1539,518334,103.9442693,1.3788
1540,518355,103.9441354,1.3783
1541,518371,103.9444373,1.3787
1542,518463,103.9226406,1.3709
1543,518530,103.9462325,1.381
1544,519122,103.9460644,1.3822
1545,519252,103.9429611,1.3816
1546,519255,103.9433859,1.3819
1547,519260,103.9426701,1.3818
1548,519265,103.9429776,1.382
1549,519292,103.9413908,1.3804
1550,519464,103.9601037,1.3694
1551,519496,103.9535763,1.3743
1552,519500,103.9524567,1.3747
1553,519532,103.9407792,1.3734
1554,519637,103.951696,1.3727
1555,519640,103.9518503,1.3741
1556,519789,103.9416714,1.3723
1557,519831,103.9429931,1.3715
1558,519838,103.9433133,1.3712
1559,519855,103.9414342,1.3729
1560,519921,103.9474682,1.3808
1561,520121,103.9477698,1.3453
1562,520128,103.9548558,1.3469
1563,520224,103.9575618,1.3429
1564,520237,103.9472122,1.3555
1565,520328,103.9582943,1.3532
1566,520411,103.9460788,1.3591
1567,520435,103.9510734,1.3598
1568,520440,103.9516116,1.3608
1569,520474,103.9527876,1.3599
1570,520719,103.93594,1.3588
1571,520732,103.9343204,1.3576
1572,521109,103.9492317,1.3474
1573,521254,103.94935,1.353
1574,521330,103.9590767,1.3534
1575,521618,103.938795,1.3623
1576,521704,103.937489,1.3569
1577,521856,103.9380319,1.3524
1578,521867,103.9337535,1.3557
1579,521874,103.9322429,1.3531
1580,521890,103.9338761,1.3467
1581,522497,103.9585798,1.3583
1582,523499,103.9561088,1.3595
1583,524496,103.9505631,1.3613
1584,528523,103.940598,1.3522
1585,528568,103.9278499,1.3518
1586,528570,103.927822,1.3525
1587,528631,103.9263533,1.372
1588,528828,103.9332535,1.3585
1589,529096,103.956863,1.3629
1590,529540,103.9429036,1.3527
1591,529757,103.9326315,1.3459
1592,529766,103.9320372,1.3439
1593,529794,103.926352,1.3665
1594,530158,103.8804862,1.3516
1595,530159,103.8795133,1.3514
1596,530165,103.8879115,1.3502
1597,530238,103.8889701,1.3571
1598,530309,103.8951449,1.3662
1599,530319,103.8966246,1.3657
1600,530339,103.8985723,1.37
1601,530374,103.8898284,1.3629
1602,530461,103.8946294,1.3727
1603,530535,103.8901338,1.3764
1604,530553,103.8903779,1.3791
1605,530639,103.8797836,1.3705
1606,530924,103.882146,1.3763
1607,530964,103.8775236,1.3772
1608,531001,103.8753439,1.3509
1609,533951,103.8953427,1.3423
1610,534018,103.903006,1.3766
1611,534123,103.8820111,1.35
1612,534161,103.8800773,1.3545
1613,534209,103.9016925,1.3736
1614,534210,103.8839156,1.3493
1615,534278,103.8821927,1.347
1616,534437,103.8830031,1.3568
1617,534461,103.8884432,1.362
1618,534477,103.88855,1.3615
1619,534682,103.8818543,1.3586
1620,534743,103.8872334,1.3625
1621,534744,103.8879528,1.3624
1622,534758,103.8883392,1.3628
1623,534791,103.8977116,1.3717
1624,534799,103.8844947,1.3599
1625,534833,103.8865957,1.3382
1626,534841,103.8862996,1.3387
1627,534944,103.8816286,1.3449
1628,535120,103.891308,1.3609
1629,535187,103.8897472,1.3608
1630,535216,103.8926492,1.3378
1631,535222,103.893693,1.3377
1632,535267,103.8844277,1.3458
1633,535315,103.8842101,1.3478
1634,535425,103.8855933,1.3467
1635,535433,103.8860825,1.3462
1636,535443,103.8852803,1.3466
1637,535461,103.8841172,1.3458
1638,535479,103.8854202,1.3457
1639,535493,103.88526,1.3479
1640,535508,103.8857432,1.3473
1641,535561,103.8814435,1.3533
1642,535637,103.882285,1.3558
1643,535642,103.8826765,1.3558
1644,535670,103.8865121,1.3572
1645,535729,103.8979925,1.3716
1646,535788,103.8780929,1.3475
1647,535846,103.8844874,1.3441
1648,535883,103.8798578,1.3476
1649,535927,103.8806789,1.3487
1650,535940,103.8812498,1.3485
1651,536027,103.8806786,1.349
1652,536031,103.8809973,1.3493
1653,536068,103.8822991,1.3484
1654,536108,103.8827444,1.3499
1655,536188,103.8822145,1.3489
1656,536199,103.8853324,1.3414
1657,536340,103.88478,1.34
1658,536388,103.8792532,1.3477
1659,536507,103.8804004,1.3447
1660,536590,103.9199141,1.3832
1661,536603,103.8762675,1.3457
1662,536627,103.8748613,1.3451
1663,536652,103.874532,1.346
1664,536743,103.881593,1.3506
1665,536888,103.8885012,1.3679
1666,536901,103.8896321,1.3683
1667,536907,103.8898547,1.3683
1668,536950,103.8904564,1.3671
1669,536998,103.8845045,1.3433
1670,537035,103.89002,1.3407
1671,537158,103.8830482,1.3451
1672,537189,103.8835485,1.3459
1673,537258,103.8846486,1.3546
1674,537290,103.8889088,1.3605
1675,537461,103.886666,1.3557
1676,537466,103.8868407,1.3555
1677,537697,103.8932293,1.3691
1678,537713,103.8925949,1.3689
1679,537822,103.8974218,1.3713
1680,537834,103.8977684,1.3708
1681,537903,103.8847947,1.3474
1682,537914,103.8848254,1.3484
1683,537940,103.8875605,1.3556
1684,537988,103.8736731,1.3452
1685,538083,103.8832437,1.345
1686,538235,103.8904361,1.3597
1687,538296,103.8839294,1.3441
1688,538342,103.8805152,1.3533
1689,538453,103.8776736,1.3447
1690,538485,103.881107,1.3448
1691,538567,103.8785407,1.3451
1692,538719,103.8878471,1.3793
1693,538766,103.8938835,1.3725
1694,538881,103.8896371,1.3584
1695,538917,103.8931226,1.3656
1696,539068,103.8720678,1.3451
1697,539097,103.8718039,1.3457
1698,539146,103.8966277,1.3392
1699,539228,103.8927039,1.3556
1700,539351,103.8976223,1.3575
1701,539499,103.9028372,1.3618
1702,539553,103.8811844,1.3559
1703,539602,103.8825542,1.3548
1704,539603,103.8826287,1.3548
1705,539631,103.8815525,1.3556
1706,539703,103.8839115,1.3397
1707,539706,103.8836325,1.3393
1708,539750,103.8872806,1.3827
1709,539754,103.8868933,1.3809
1710,539942,103.8982494,1.3542
1711,539964,103.883701,1.3505
1712,539978,103.8843516,1.3501
1713,540193,103.901775,1.3936
1714,540230,103.9012709,1.3884
1715,540286,103.8963197,1.3977
1716,540305,103.8877725,1.3887
1717,540308,103.8864451,1.3893
1718,540326,103.8885356,1.3949
1719,541200,103.8919648,1.387
1720,541320,103.8910028,1.3903
1721,542310,103.8846829,1.3909
1722,542316,103.8888208,1.3928
1723,542320,103.8908091,1.3913
1724,542332,103.8914562,1.3951
1725,543164,103.9078562,1.3898
1726,543261,103.8948913,1.3933
1727,543266,103.8973621,1.3827
1728,543327,103.8887209,1.3961
1729,544311,103.8847024,1.3919
1730,544604,103.8773597,1.3729
1731,544624,103.8943994,1.397
1732,544657,103.890907,1.3999
1733,544730,103.8856256,1.3629
1734,544760,103.8971468,1.3911
1735,544822,103.8913547,1.3838
1736,544861,103.8832063,1.3657
1737,544885,103.8989173,1.3911
1738,545082,103.9044837,1.3925
1739,545108,103.8829597,1.3682
1740,545110,103.8829398,1.368
1741,545133,103.8782101,1.3674
1742,545215,103.9033314,1.3923
1743,545227,103.9030063,1.3924
1744,545228,103.9032496,1.3916
1745,545238,103.9035142,1.3916
1746,545246,103.9036984,1.3912
1747,545254,103.9034111,1.3912
1748,545290,103.8799478,1.3681
1749,545297,103.8803138,1.3679
1750,545381,103.8772475,1.3681
1751,545405,103.8767116,1.3678
1752,545524,103.8777887,1.3546
1753,545527,103.8776916,1.3547
1754,545537,103.8762372,1.3554
1755,545650,103.8742464,1.3634
1756,545727,103.8765881,1.3532
1757,545729,103.8766639,1.3533
1758,545731,103.8767363,1.3534
1759,545830,103.8757763,1.3585
1760,545903,103.8847258,1.3628
1761,546047,103.8849178,1.3641
1762,546141,103.8741751,1.3627
1763,546149,103.8754009,1.3629
1764,546240,103.8770871,1.3618
1765,546290,103.8821663,1.3683
1766,546309,103.8819847,1.3677
1767,546446,103.8813008,1.363
1768,546488,103.8812924,1.362
1769,546553,103.8748838,1.3516
1770,546561,103.8745152,1.3515
1771,546563,103.874138,1.3517
1772,546643,103.901152,1.3915
1773,546706,103.8848944,1.3655
1774,546707,103.8847636,1.3656
1775,546726,103.8828874,1.3661
1776,546739,103.8829252,1.3666
1777,546756,103.8825867,1.3665
1778,546763,103.8823111,1.3667
1779,546855,103.8811946,1.3674
1780,546874,103.8809198,1.3679
1781,546908,103.8804962,1.3672
1782,546953,103.8772089,1.3637
1783,546993,103.8798374,1.3632
1784,547024,103.8781641,1.3658
1785,547048,103.8790327,1.366
1786,547169,103.8792586,1.3666
1787,547173,103.8796537,1.3665
1788,547189,103.8782068,1.3646
1789,547195,103.8786099,1.365
1790,547247,103.8788902,1.3641
1791,547397,103.8834033,1.3618
1792,547398,103.883444,1.3618
1793,547443,103.88298,1.3613
1794,547456,103.881795,1.3621
1795,547748,103.8758694,1.3542
1796,547765,103.8772213,1.354
1797,547944,103.8743885,1.3619
1798,547947,103.8742042,1.3619
1799,548009,103.8845351,1.3618
1800,548045,103.8826989,1.3601
1801,548072,103.8807993,1.3585
1802,548076,103.8806365,1.3586
1803,548194,103.8811231,1.3586
1804,548199,103.8813623,1.3589
1805,548252,103.8807106,1.3652
1806,548294,103.8821248,1.365
1807,548305,103.8817674,1.3653
1808,548426,103.8767853,1.3598
1809,548436,103.8766949,1.3607
1810,548548,103.8846147,1.3665
1811,548554,103.8846452,1.3666
1812,548578,103.8851172,1.3678
1813,548664,103.9006717,1.3923
1814,548796,103.8843543,1.3665
1815,548811,103.8837256,1.3671
1816,548814,103.8832263,1.3672
1817,548853,103.8746777,1.359
1818,549002,103.875241,1.3595
1819,549011,103.875195,1.3603
1820,549048,103.8793639,1.3591
1821,549132,103.8785682,1.3574
1822,549165,103.8790857,1.3584
1823,549172,103.8799864,1.3594
1824,549178,103.8804073,1.3589
1825,549292,103.8763229,1.3621
1826,549322,103.8771733,1.3607
1827,549488,103.8864352,1.3631
1828,549510,103.8853738,1.3644
1829,549546,103.8859055,1.3659
1830,549568,103.8854275,1.367
1831,549676,103.8755275,1.3602
1832,549786,103.8823773,1.3649
1833,549850,103.878037,1.3653
1834,549888,103.8758505,1.3609
1835,550108,103.8712068,1.3699
1836,550125,103.8721108,1.3665
1837,550138,103.8755488,1.3682
1838,550153,103.8723123,1.37
1839,550157,103.8692395,1.3712
1840,550229,103.8702771,1.356
1841,550267,103.8709544,1.3532
1842,550304,103.867773,1.3538
1843,550308,103.8659671,1.3542
1844,550317,103.8662221,1.3526
1845,550417,103.8750557,1.3499
1846,550506,103.8763397,1.3728
1847,550551,103.8708478,1.3724
1848,550553,103.8712337,1.3717
1849,554425,103.8603773,1.3648
1850,554461,103.8611539,1.3657
1851,554462,103.8611039,1.3657
1852,554468,103.8608021,1.3658
1853,554495,103.8700498,1.3578
1854,554504,103.8700368,1.3581
1855,554508,103.8698441,1.3582
1856,554551,103.8626422,1.3581
1857,554568,103.8658325,1.3615
1858,554571,103.8658157,1.3624
1859,554588,103.865912,1.362
1860,554629,103.8619077,1.3548
1861,554693,103.8618828,1.356
1862,554818,103.8676722,1.36
1863,554897,103.8612405,1.349
1864,554913,103.8719964,1.3756
1865,555038,103.8673629,1.3643
1866,555092,103.8703517,1.3652
1867,555108,103.8622114,1.3675
1868,555112,103.8623906,1.368
1869,555120,103.862889,1.3687
1870,555126,103.8629123,1.3689
1871,555134,103.8631505,1.3693
1872,555325,103.8619883,1.357
1873,555371,103.8603567,1.358
1874,555411,103.861577,1.3575
1875,555466,103.8598945,1.3569
1876,555475,103.8593993,1.3569
1877,555495,103.8591825,1.3562
1878,555499,103.8591136,1.3559
1879,555579,103.8603353,1.3551
1880,555673,103.8616206,1.3574
1881,555808,103.8718329,1.3609
1882,555830,103.870689,1.3621
1883,555836,103.8704178,1.3618
1884,555853,103.8761105,1.376
1885,555889,103.8692703,1.3693
1886,555938,103.8709588,1.3631
1887,555944,103.8672595,1.3633
1888,555955,103.865614,1.3634
1889,556045,103.8623465,1.3657
1890,556108,103.8683495,1.349
1891,556180,103.8715098,1.3634
1892,556200,103.8721124,1.3644
1893,556209,103.8713239,1.3646
1894,556211,103.8712664,1.3645
1895,556216,103.8708292,1.3647
1896,556306,103.8646221,1.3661
1897,556337,103.8633221,1.3671
1898,556399,103.8731476,1.3584
1899,556426,103.8653669,1.3632
1900,556675,103.8713681,1.3601
1901,556692,103.8657743,1.365
1902,556753,103.8684522,1.3563
1903,556823,103.8697482,1.3642
1904,556914,103.864186,1.3542
1905,557056,103.8636951,1.3564
1906,557074,103.8632927,1.3559
1907,557092,103.8629543,1.3555
1908,557130,103.8643162,1.3562
1909,557131,103.8645562,1.3559
1910,557143,103.8638913,1.3556
1911,557170,103.8635748,1.3543
1912,557265,103.866119,1.3653
1913,557278,103.8662801,1.3666
1914,557373,103.8628825,1.3558
1915,557546,103.8672302,1.3698
1916,557633,103.8645912,1.3682
1917,557636,103.8646084,1.3694
1918,557645,103.8641636,1.3687
1919,557740,103.8691537,1.358
1920,557757,103.8687035,1.3589
1921,557818,103.8642411,1.3655
1922,557837,103.8633019,1.3658
1923,557881,103.8646672,1.362
1924,557957,103.8619813,1.3645
1925,558016,103.8654665,1.3663
1926,558074,103.8637576,1.3683
1927,558215,103.8654534,1.3585
1928,558254,103.8648382,1.3596
1929,558329,103.8667423,1.3584
1930,558381,103.8669862,1.3576
1931,558424,103.8670715,1.3564
1932,558484,103.867147,1.3629
1933,558548,103.8686186,1.3627
1934,558592,103.8658028,1.3598
1935,558700,103.8724681,1.3644
1936,558708,103.8661274,1.3631
1937,558762,103.8631403,1.3595
1938,558771,103.8627707,1.3584
1939,558798,103.8643965,1.3597
1940,558802,103.8645084,1.3596
1941,558837,103.8665285,1.3583
1942,558840,103.8665983,1.3579
1943,558881,103.8665935,1.3593
1944,558883,103.8666205,1.3592
1945,558896,103.8662316,1.3588
1946,558953,103.8662046,1.3562
1947,558960,103.8662216,1.3557
1948,558998,103.8620045,1.359
1949,559023,103.8609685,1.3597
1950,559096,103.8612071,1.361
1951,559115,103.8603246,1.3616
1952,559131,103.85998,1.3625
1953,559191,103.8696806,1.3612
1954,559207,103.8708676,1.3624
1955,559217,103.871302,1.363
1956,559304,103.8652994,1.3661
1957,559305,103.8648793,1.3661
1958,559342,103.8643157,1.3673
1959,559368,103.8634427,1.3683
1960,559415,103.8627333,1.36
1961,559442,103.861668,1.3608
1962,559653,103.8619757,1.3626
1963,559759,103.862024,1.3634
1964,559768,103.8615761,1.3634
1965,559834,103.8609436,1.36
1966,559843,103.8605823,1.361
1967,559853,103.8602337,1.3613
1968,559943,103.8592879,1.3611
1969,559964,103.8681951,1.3642
1970,560129,103.8420591,1.3699
1971,560211,103.8416666,1.3692
1972,560253,103.834659,1.3695
1973,560346,103.8496623,1.3671
1974,560471,103.8567029,1.3635
1975,560520,103.8511342,1.3734
1976,560536,103.8541005,1.3745
1977,560537,103.8530598,1.3752
1978,560557,103.8577361,1.3716
1979,560617,103.8380519,1.3775
1980,560700,103.8466998,1.37
1981,560702,103.8475795,1.3698
1982,560712,103.8470845,1.3714
1983,567808,103.8329403,1.3758
1984,567827,103.8340105,1.3764
1985,567838,103.8336186,1.3768
1986,567913,103.8345794,1.3773
1987,568186,103.8328597,1.37
1988,568206,103.8329546,1.3705
1989,568257,103.8337605,1.3711
1990,568363,103.8607573,1.3535
1991,568379,103.8601643,1.3544
1992,568447,103.860398,1.3544
1993,568462,103.860779,1.3533
1994,568519,103.8404578,1.372
1995,568522,103.8406852,1.3721
1996,568577,103.8406669,1.3715
1997,568581,103.8407868,1.3715
1998,568716,103.8407708,1.3729
1999,568754,103.84038,1.3708
2000,568793,103.8385784,1.3735
2001,568821,103.8389136,1.3729
2002,568842,103.8400395,1.3724
2003,568888,103.8410356,1.3701
2004,568914,103.833512,1.3717
2005,568943,103.8350735,1.3721
2006,568950,103.8341146,1.3726
2007,569013,103.8338875,1.3716
2008,569083,103.849198,1.3872
2009,569528,103.862099,1.3706
2010,569788,103.8420883,1.3853
2011,569811,103.8495581,1.3699
2012,569826,103.8484234,1.3778
2013,569880,103.8753898,1.3779
2014,569978,103.8498585,1.3631
2015,570133,103.8517224,1.3455
2016,570157,103.85668,1.3461
2017,570195,103.8508971,1.3484
2018,570223,103.8482487,1.3585
2019,570228,103.8465841,1.3581
2020,570242,103.8448665,1.3614
2021,570279,103.8437853,1.3572
2022,570287,103.8437855,1.3577
2023,570449,103.8307906,1.3581
2024,571231,103.8464327,1.3575
2025,573903,103.8331075,1.3551
2026,573918,103.8290121,1.3656
2027,573992,103.8331546,1.3552
2028,574013,103.8415728,1.3461
2029,574044,103.8467026,1.3492
2030,574065,103.8271034,1.3765
2031,574136,103.8269055,1.3579
2032,574238,103.8378684,1.3443
2033,574263,103.8373854,1.3441
2034,574288,103.8377549,1.3453
2035,574345,103.835132,1.352
2036,574365,103.8350439,1.3531
2037,574374,103.8334862,1.3552
2038,574397,103.8326245,1.3551
2039,574420,103.8289583,1.3731
2040,574608,103.8322318,1.3767
2041,574642,103.8341022,1.3524
2042,574652,103.8333274,1.3525
2043,574721,103.8327872,1.3512
2044,574739,103.8326325,1.3512
2045,574934,103.8322231,1.3793
2046,574951,103.8328488,1.3792
2047,574995,103.833961,1.3788
2048,575062,103.8295433,1.3606
2049,575164,103.8339113,1.3511
2050,575166,103.8338659,1.3511
2051,575190,103.8332021,1.3508
2052,575386,103.8331278,1.3535
2053,575516,103.8311317,1.3536
2054,575528,103.8306093,1.3529
2055,575770,103.8346406,1.379
2056,575775,103.8352646,1.3787
2057,575830,103.8272434,1.374
2058,575905,103.8302417,1.3764
2059,576009,103.8425975,1.3543
2060,576057,103.8410827,1.3537
2061,576060,103.8421371,1.3536
2062,576109,103.8426284,1.3528
2063,576293,103.827387,1.3754
2064,576312,103.8276791,1.3756
2065,576583,103.8301626,1.3552
2066,576706,103.8287163,1.3761
2067,576747,103.8317946,1.3744
2068,576762,103.8314387,1.3748
2069,576836,103.8285652,1.3643
2070,576961,103.8308611,1.3719
2071,576997,103.8286175,1.3626
2072,577026,103.8369583,1.3536
2073,577153,103.8402204,1.3552
2074,577162,103.8405368,1.3551
2075,577236,103.843427,1.3532
2076,577313,103.8335399,1.3503
2077,577436,103.8305707,1.3712
2078,577473,103.832986,1.353
2079,577555,103.829314,1.3717
2080,577596,103.830729,1.3742
2081,577733,103.8296844,1.3739
2082,577858,103.8378202,1.3535
2083,577874,103.8382025,1.3529
2084,577881,103.8380562,1.3536
2085,577905,103.8344608,1.3545
2086,577920,103.8350511,1.3557
2087,578025,103.8468896,1.3529
2088,578033,103.8347102,1.3539
2089,578331,103.8323938,1.3735
2090,578398,103.8292306,1.3709
2091,578408,103.8292042,1.3705
2092,578428,103.8292039,1.37
2093,578431,103.829552,1.3706
2094,578497,103.8391671,1.3536
2095,578528,103.8461108,1.3523
2096,578546,103.8463724,1.3539
2097,578572,103.8476304,1.3532
2098,578602,103.8444172,1.353
2099,578677,103.82898,1.3711
2100,578727,103.8286658,1.3616
2101,578944,103.8347428,1.3618
2102,579069,103.8288544,1.3542
2103,579081,103.8431435,1.3502
2104,579082,103.8431892,1.3501
2105,579122,103.845051,1.35
2106,579140,103.8457381,1.3507
2107,579253,103.8449888,1.3496
2108,579317,103.8433215,1.3498
2109,579424,103.8282624,1.374
2110,579476,103.828196,1.3755
2111,579598,103.832276,1.3557
2112,579609,103.8298861,1.3573
2113,579623,103.8293028,1.358
2114,579632,103.8291194,1.3587
2115,579698,103.8332092,1.3564
2116,579916,103.845633,1.3489
2117,58357,103.843852,1.2855
2118,58479,103.8439555,1.2829
2119,58613,103.8431908,1.2833
2120,58675,103.8485505,1.2875
2121,58766,103.8459031,1.283
2122,587779,103.7768074,1.3464
2123,587945,103.7884026,1.3445
2124,587996,103.7842182,1.3413
2125,588184,103.7729679,1.3454
2126,588212,103.7705477,1.3497
2127,588328,103.7859181,1.3408
2128,588597,103.7891811,1.3353
2129,588638,103.7879507,1.3438
2130,588725,103.7878949,1.336
2131,588795,103.7878648,1.3363
2132,588854,103.7813022,1.3409
2133,589034,103.7847495,1.3365
2134,589046,103.7848356,1.3373
2135,589118,103.7853481,1.3388
2136,589141,103.7847547,1.3399
2137,589206,103.7853905,1.3422
2138,58926,103.8446857,1.2822
2139,589377,103.7882975,1.3482
2140,589615,103.7905463,1.333
2141,589616,103.7904535,1.333
2142,589628,103.7851848,1.3339
2143,589841,103.787644,1.3385
2144,589885,103.788321,1.342
2145,59021,103.8441088,1.2819
2146,59028,103.8438456,1.2821
2147,59190,103.844795,1.2829
2148,59193,103.8446445,1.2834
2149,59215,103.8442144,1.2837
2150,59229,103.8439186,1.2838
2151,59402,103.8469922,1.288
2152,59428,103.8436638,1.2841
2153,59430,103.8435734,1.284
2154,59503,103.8447455,1.2836
2155,59514,103.8451419,1.2838
2156,59570,103.8424844,1.2888
2157,596228,103.757422,1.3295
2158,596265,103.7707827,1.3352
2159,596291,103.7666414,1.3395
2160,596321,103.774964,1.3427
2161,596340,103.7745552,1.343
2162,596369,103.7731096,1.3449
2163,596371,103.7729741,1.345
2164,596446,103.7717793,1.3455
2165,59662,103.84725,1.2878
2166,596657,103.7692164,1.3385
2167,596699,103.7696102,1.3407
2168,596732,103.7652865,1.3394
2169,596761,103.7643969,1.3386
2170,59679,103.8474291,1.2873
2171,59681,103.847557,1.2872
2172,596827,103.7658146,1.339
2173,596837,103.7650583,1.3386
2174,597085,103.7671915,1.3242
2175,597103,103.765972,1.3247
2176,597144,103.7655823,1.3275
2177,597261,103.767634,1.3246
2178,597268,103.7671345,1.3244
2179,597277,103.7665828,1.3247
2180,597359,103.7683367,1.326
2181,597394,103.76726,1.3261
2182,597462,103.7685889,1.3248
2183,597531,103.7656603,1.3242
2184,597535,103.765641,1.3241
2185,59764,103.8439767,1.2876
2186,597713,103.7720049,1.3442
2187,597738,103.7733468,1.3432
2188,597868,103.7713455,1.3427
2189,597873,103.771687,1.3435
2190,597895,103.7719799,1.3447
2191,597924,103.7739272,1.3424
2192,598038,103.7682484,1.3372
2193,598071,103.7666584,1.3366
2194,598079,103.7659223,1.3366
2195,598091,103.7651536,1.3369
2196,598111,103.7668407,1.3361
2197,598139,103.7742159,1.3408
2198,59815,103.8461192,1.2875
2199,598177,103.765282,1.3357
2200,598194,103.7712572,1.3349
2201,598222,103.772706,1.3359
2202,598225,103.7724738,1.3352
2203,598259,103.7742016,1.3363
2204,598326,103.7802973,1.3366
2205,598368,103.768529,1.343
2206,598373,103.7683142,1.3442
2207,598405,103.7680332,1.3439
2208,598484,103.7672813,1.3445
2209,598507,103.7657491,1.3455
2210,598541,103.7664202,1.3438
2211,598557,103.7656769,1.3453
2212,598559,103.7655782,1.3454
2213,598604,103.7724602,1.3409
2214,598643,103.7702772,1.3437
2215,598676,103.7709773,1.341
2216,598718,103.7687016,1.3534
2217,598834,103.7650788,1.3404
2218,598955,103.7664653,1.3329
2219,599008,103.768672,1.3362
2220,599012,103.7688322,1.3362
2221,599016,103.769664,1.3368
2222,599038,103.770778,1.3371
2223,599096,103.7678147,1.3348
2224,599137,103.7669039,1.3343
2225,599196,103.7702372,1.3363
2226,599246,103.7699645,1.3348
2227,599508,103.7734704,1.3243
2228,599528,103.7742619,1.3237
2229,599541,103.7738057,1.3231
2230,599644,103.7710228,1.3432
2231,599694,103.7705442,1.3442
2232,599701,103.7709977,1.3447
2233,599713,103.7717162,1.3452
2234,599742,103.775077,1.3434
2235,599796,103.7713477,1.3347
2236,600044,103.7416002,1.3208
2237,600134,103.7388192,1.334
2238,600205,103.7428811,1.3376
2239,600325,103.7289844,1.3488
2240,601324,103.7296098,1.3484
2241,604285,103.7460393,1.3379
2242,608837,103.7482816,1.3358
2243,608840,103.7483205,1.3349
2244,608925,103.7402454,1.3253
2245,609024,103.7355999,1.3068
2246,609078,103.7376352,1.3285
2247,609079,103.7371786,1.3312
2248,609601,103.7466382,1.335
2249,609921,103.7461733,1.3291
2250,609933,103.7479504,1.3278
2251,610118,103.7229066,1.3354
2252,610156,103.7217851,1.3279
2253,611115,103.7245394,1.334
2254,611140,103.7231352,1.3274
2255,618305,103.710222,1.3251
2256,618312,103.7185923,1.3015
2257,618368,103.7171409,1.3392
2258,618432,103.7179324,1.3404
2259,618448,103.7183031,1.3407
2260,618499,103.7216193,1.3347
2261,618725,103.7243951,1.3318
2262,618803,103.7098634,1.3292
2263,619025,103.7127771,1.3276
2264,619110,103.7137745,1.3088
2265,619204,103.7154045,1.3278
2266,619228,103.7270467,1.3331
2267,619254,103.7154749,1.3271
2268,619482,103.7063526,1.3133
2269,619523,103.7124323,1.3395
2270,619554,103.7249036,1.3183
2271,619573,103.725019,1.317
2272,627525,103.7280015,1.2636
2273,627560,103.7005979,1.3133
2274,627569,103.7001959,1.3128
2275,627682,103.7035132,1.3337
2276,627688,103.7035132,1.3341
2277,627775,103.6745238,1.3082
2278,627870,103.6949312,1.2738
2279,628013,103.6902009,1.3269
2280,628077,103.7000104,1.3283
2281,628083,103.6982752,1.3308
2282,628100,103.6834342,1.3234
2283,628109,103.6836224,1.3267
2284,628131,103.6911393,1.3038
2285,628193,103.6969239,1.3096
2286,628420,103.6571433,1.3071
2287,628437,103.6570551,1.3006
2288,628570,103.7039867,1.3263
2289,628571,103.7027027,1.3262
2290,628605,103.6984155,1.3273
2291,628612,103.7036944,1.3245
2292,628824,103.6943363,1.3298
2293,628909,103.6938004,1.3287
2294,629041,103.6753059,1.3234
2295,629075,103.6707382,1.3268
2296,629195,103.6710887,1.3129
2297,629293,103.667363,1.3188
2298,629467,103.6722831,1.318
2299,629590,103.6637122,1.3181
2300,629612,103.676327,1.3215
2301,629754,103.6853297,1.3261
2302,629884,103.678243,1.304
2303,636888,103.6292869,1.2739
2304,636893,103.6306789,1.2773
2305,636932,103.6334513,1.2767
2306,636946,103.6326157,1.2715
2307,636957,103.6882429,1.3538
2308,637056,103.6141718,1.2445
2309,637091,103.6320502,1.2707
2310,637106,103.6326994,1.2768
2311,637144,103.6923539,1.3543
2312,637188,103.6343937,1.3157
2313,637190,103.6345645,1.3157
2314,637217,103.6345717,1.3162
2315,637278,103.6293731,1.3176
2316,637339,103.6366979,1.3181
2317,637468,103.6324419,1.2918
2318,637489,103.6243504,1.2994
2319,637510,103.6271832,1.3135
2320,637634,103.6816405,1.3525
2321,637668,103.6237156,1.2919
2322,637673,103.6243566,1.2922
2323,637684,103.6247931,1.2915
2324,637699,103.6244122,1.2908
2325,637715,103.6877553,1.3494
2326,637744,103.6277952,1.3013
2327,637749,103.6271499,1.3016
2328,637835,103.6240915,1.293
2329,637889,103.6320222,1.2983
2330,637947,103.6914919,1.3377
2331,637952,103.6916808,1.3375
2332,637969,103.6914863,1.3371
2333,638028,103.6285164,1.3039
2334,638042,103.6307626,1.3084
2335,638053,103.6294828,1.3066
2336,638070,103.6283421,1.312
2337,638077,103.6286625,1.3108
2338,638131,103.6296803,1.3117
2339,638185,103.6904761,1.339
2340,638224,103.6902866,1.3382
2341,638348,103.6922791,1.3367
2342,638455,103.6528341,1.3194
2343,638493,103.6521418,1.3102
2344,638797,103.6535085,1.3133
2345,638804,103.6523419,1.3129
2346,638823,103.6388673,1.3261
2347,638828,103.6367609,1.324
2348,638829,103.6364158,1.3257
2349,638889,103.6426499,1.3233
2350,638892,103.6393954,1.3209
2351,638927,103.6416592,1.319
2352,639109,103.643579,1.3242
2353,639138,103.647319,1.3298
2354,639298,103.6502361,1.3265
2355,639343,103.6523799,1.3225
2356,639458,103.6547147,1.3263
2357,639506,103.6530341,1.3286
2358,639526,103.6539174,1.3301
2359,639549,103.68616,1.3478
2360,639594,103.6407547,1.3279
2361,639747,103.6851968,1.3471
2362,640215,103.7123598,1.3487
2363,640268,103.7077519,1.3478
2364,640486,103.7263326,1.3487
2365,640504,103.7188438,1.3498
2366,640516,103.7205575,1.3455
2367,640519,103.7175832,1.3455
2368,640537,103.7164749,1.3505
2369,640663,103.7017349,1.3392
2370,640664,103.7031616,1.3395
2371,640952,103.6913297,1.343
2372,641652,103.6983332,1.3367
2373,641657,103.7002893,1.3354
2374,641672,103.7009391,1.3437
2375,641692,103.7071506,1.3417
2376,642183,103.7094114,1.3481
2377,643667,103.7022957,1.3411
2378,643986,103.6956682,1.337
2379,644656,103.6998269,1.3355
2380,648207,103.6978375,1.3525
2381,648213,103.6977216,1.3522
2382,648385,103.6990669,1.3525
2383,648404,103.6994656,1.3527
2384,648501,103.6999884,1.353
2385,648598,103.6979075,1.3538
2386,648680,103.6990289,1.3523
2387,648699,103.6990175,1.3516
2388,648701,103.6988197,1.3516
2389,648726,103.7001987,1.3522
2390,648733,103.6998535,1.3517
2391,648855,103.7005034,1.3511
2392,649925,103.7117341,1.3425
2393,650174,103.7410477,1.3457
2394,650216,103.7536386,1.3471
2395,650219,103.7549997,1.3472
2396,650258,103.7588715,1.3513
2397,650279,103.7573373,1.3482
2398,650373,103.7503972,1.3589
2399,650375,103.7501296,1.3583
2400,650407,103.7458146,1.3649
2401,650415,103.7466107,1.3633
2402,650512,103.7527782,1.354
2403,650625,103.7487016,1.3515
2404,651296,103.7464092,1.3441
2405,658011,103.7531096,1.369
2406,658053,103.7531765,1.3696
2407,658056,103.7531103,1.3692
2408,658220,103.753525,1.3692
2409,658234,103.7525836,1.3681
2410,658240,103.7524232,1.368
2411,658328,103.7526431,1.369
2412,658336,103.7529507,1.369
2413,658426,103.7516701,1.3692
2414,658445,103.752279,1.3695
2415,658588,103.7508289,1.3705
2416,658594,103.7532055,1.3713
2417,658624,103.7521494,1.3712
2418,658629,103.7517741,1.3708
2419,658654,103.7517521,1.3706
2420,658788,103.7609607,1.3406
2421,658875,103.7615039,1.3387
2422,658962,103.7408737,1.3485
2423,659088,103.7522855,1.3598
2424,659248,103.753138,1.3549
2425,659581,103.7481529,1.3443
2426,659958,103.7495668,1.349
2427,668160,103.7568697,1.3771
2428,668166,103.7569927,1.3767
2429,668168,103.757028,1.3766
2430,668181,103.7572237,1.3764
2431,668289,103.7592449,1.3763
2432,668297,103.7595346,1.3765
2433,668324,103.759663,1.3767
2434,668327,103.7597659,1.3761
2435,668605,103.7621693,1.3599
2436,668608,103.7621138,1.3599
2437,668685,103.7597944,1.3582
2438,668720,103.7586622,1.3593
2439,668778,103.7619018,1.3597
2440,668779,103.7616024,1.3595
2441,668860,103.7608255,1.3584
2442,668880,103.7602147,1.3588
2443,669015,103.7598318,1.3606
2444,669040,103.759067,1.3594
2445,669173,103.7593635,1.3537
2446,669262,103.7580355,1.3533
2447,669263,103.7581395,1.3533
2448,669382,103.7597175,1.3547
2449,669477,103.7593864,1.355
2450,669505,103.7603111,1.355
2451,669584,103.761617,1.3537
2452,669622,103.7589293,1.3569
2453,670124,103.7711089,1.3768
2454,670431,103.7708477,1.386
2455,670525,103.7654066,1.3866
2456,671177,103.7649552,1.3807
2457,671537,103.7628642,1.3841
2458,671603,103.7617028,1.3818
2459,677688,103.7728004,1.371
2460,677690,103.7729042,1.3708
2461,677728,103.7598709,1.3808
2462,677743,103.7643572,1.3799
2463,677823,103.7740428,1.3722
2464,678006,103.7534013,1.3983
2465,678079,103.7675306,1.3602
2466,678086,103.7674856,1.3606
2467,678106,103.7682568,1.3624
2468,678552,103.7685815,1.3596
2469,678600,103.7693728,1.3677
2470,678620,103.7695612,1.3673
2471,678722,103.7704327,1.3676
2472,678892,103.7649652,1.3721
2473,678897,103.7651111,1.3718
2474,678898,103.765144,1.3722
2475,679325,103.771573,1.3712
2476,679392,103.7708158,1.373
2477,679415,103.7702677,1.3706
2478,679498,103.7722325,1.37
2479,679517,103.7760391,1.3698
2480,679601,103.7668853,1.3717
2481,679660,103.76754,1.3726
2482,679715,103.7694629,1.3711
2483,680106,103.7529316,1.378
2484,680288,103.7410271,1.3789
2485,680344,103.7451103,1.3833
2486,680345,103.7447902,1.3828
2487,680445,103.736903,1.3819
2488,680450,103.7360765,1.3795
2489,680510,103.7413782,1.3879
2490,680515,103.7435706,1.3902
2491,680627,103.7460861,1.3979
2492,681253,103.7439408,1.3774
2493,681513,103.742373,1.3903
2494,681801,103.7431961,1.3758
2495,681817,103.748546,1.3766
2496,683490,103.7417518,1.3758
2497,684296,103.7430682,1.3766
2498,684297,103.7430463,1.3781
2499,684808,103.745409,1.3749
2500,68578,103.8483748,1.2816
2501,68597,103.8480346,1.2818
2502,68602,103.8480169,1.2808
2503,68607,103.8477245,1.2806
2504,68629,103.8473394,1.2798
2505,68633,103.8472496,1.2804
2506,68805,103.8500901,1.2785
2507,688302,103.7515535,1.391
2508,688387,103.7516601,1.3904
2509,688471,103.7498343,1.3919
2510,688500,103.7513071,1.3922
2511,688509,103.7511131,1.3925
2512,688610,103.7502208,1.3919
2513,688685,103.7525993,1.3917
2514,688774,103.7508828,1.3921
2515,688785,103.7458318,1.3786
2516,689431,103.7580035,1.377
2517,689462,103.7461371,1.3771
2518,689467,103.745028,1.3768
2519,689482,103.758442,1.3781
2520,689811,103.7440669,1.3854
2521,69119,103.8455609,1.2765
2522,69405,103.8468115,1.2825
2523,69419,103.8459279,1.2824
2524,69435,103.8456746,1.282
2525,69440,103.846009,1.2815
2526,69618,103.848377,1.2815
2527,69715,103.8461159,1.2808
2528,69855,103.8479267,1.2821
2529,69864,103.8470981,1.2807
2530,69882,103.8468032,1.28
2531,708977,103.7027413,1.3846
2532,718837,103.7036,1.4289
2533,718845,103.7126053,1.4449
2534,719531,103.7129409,1.4422
2535,728674,103.7455611,1.4343
2536,728774,103.7516687,1.4069
2537,728791,103.750079,1.4073
2538,729033,103.7492239,1.4189
2539,729060,103.7479315,1.4217
2540,729247,103.7467842,1.4121
2541,729324,103.751463,1.4095
2542,729347,103.7538891,1.4121
2543,729465,103.7420087,1.4168
2544,729900,103.7571668,1.4055
2545,729927,103.757475,1.406
2546,729930,103.7599453,1.4062
2547,729938,103.7577134,1.4065
2548,730102,103.7811996,1.4361
2549,730121,103.7799767,1.4392
2550,730206,103.7733698,1.4454
2551,730316,103.7763618,1.4315
2552,730342,103.7811125,1.432
2553,730353,103.7851624,1.4318
2554,730401,103.7727741,1.4304
2555,730416,103.77376,1.4284
2556,730608,103.7964961,1.4362
2557,730643,103.8015689,1.4377
2558,730648,103.801474,1.4383
2559,730664,103.7977989,1.4362
2560,730694,103.8049891,1.4381
2561,730701,103.796074,1.4418
2562,730752,103.7949086,1.4456
2563,730762,103.796072,1.446
2564,730768,103.7981663,1.4457
2565,731552,103.7954584,1.4325
2566,731717,103.7986688,1.4405
2567,732691,103.8058926,1.4403
2568,734573,103.7978835,1.4311
2569,737699,103.8088513,1.4609
2570,737740,103.7961819,1.4265
2571,737816,103.7836532,1.4303
2572,737868,103.7552755,1.4317
2573,737966,103.7558635,1.4164
2574,738000,103.7572304,1.4177
2575,738020,103.7565782,1.4159
2576,738084,103.8068685,1.445
2577,738164,103.7767215,1.4272
2578,738200,103.77568,1.4272
2579,738579,103.7752129,1.4309
2580,738719,103.8060231,1.4493
2581,738735,103.8090879,1.4501
2582,738931,103.7690981,1.4411
2583,739211,103.7831413,1.4421
2584,739430,103.7471756,1.4358
2585,739689,103.7580094,1.4148
2586,739706,103.7586131,1.4159
2587,739773,103.7574747,1.4161
2588,739863,103.7587265,1.4145
2589,739894,103.7594401,1.416
2590,739927,103.7583885,1.4144
2591,750310,103.8220987,1.447
2592,750339,103.8176114,1.4483
2593,752107,103.8335069,1.4492
2594,752121,103.8340338,1.4479
2595,752501,103.8213699,1.4522
2596,757016,103.8166816,1.4423
2597,757046,103.817216,1.4425
2598,757123,103.8381864,1.461
2599,757315,103.7921431,1.4511
2600,757333,103.838806,1.46
2601,757360,103.8384175,1.4603
2602,757399,103.8376638,1.4605
2603,757465,103.7940202,1.4489
2604,757526,103.7923323,1.4501
2605,757613,103.811488,1.4612
2606,757638,103.8377447,1.4584
2607,757711,103.8248363,1.4366
2608,757723,103.7970466,1.454
2609,757726,103.7945554,1.4531
2610,757737,103.7960482,1.4535
2611,757780,103.8000692,1.4548
2612,757796,103.7980387,1.4531
2613,757801,103.7984118,1.4534
2614,757833,103.7994999,1.4507
2615,757991,103.8258637,1.4576
2616,758069,103.8065794,1.4593
2617,758183,103.7960003,1.4595
2618,758234,103.8058523,1.4638
2619,758236,103.8064928,1.4654
2620,758237,103.8060228,1.4642
2621,758277,103.8062501,1.4631
2622,758303,103.8091916,1.4675
2623,758310,103.8094946,1.4696
2624,758395,103.8264983,1.428
2625,758402,103.8265485,1.4285
2626,758495,103.8323687,1.4533
2627,758533,103.8210953,1.4196
2628,758595,103.8326052,1.4557
2629,758637,103.8255943,1.4274
2630,758672,103.8252294,1.4579
2631,759040,103.8368309,1.4573
2632,759115,103.8245562,1.4261
2633,759208,103.825487,1.4284
2634,759224,103.8246893,1.4288
2635,759343,103.8365309,1.458
2636,759639,103.8287111,1.4531
2637,759802,103.8249915,1.4523
2638,759911,103.7917394,1.4618
2639,759930,103.8376765,1.4581
2640,759973,103.8291563,1.4572
2641,760151,103.8342681,1.4308
2642,760256,103.8399792,1.4341
2643,760363,103.8452061,1.4289
2644,760399,103.8470842,1.4275
2645,760650,103.8390857,1.4229
2646,760660,103.8397046,1.4216
2647,760703,103.8288511,1.4296
2648,760737,103.8324446,1.429
2649,760802,103.8317633,1.4185
2650,760810,103.8319012,1.4161
2651,760849,103.8353519,1.417
2652,761296,103.834869,1.4354
2653,761796,103.8330734,1.4194
2654,763426,103.8469637,1.4227
2655,763513,103.8438006,1.4154
2656,768096,103.8316878,1.4387
2657,768144,103.8249757,1.4149
2658,768241,103.8467658,1.4175
2659,768342,103.8462832,1.4165
2660,768411,103.8465999,1.4161
2661,768578,103.8401047,1.4358
2662,768724,103.8343061,1.4427
2663,768729,103.8353005,1.4417
2664,768759,103.8336603,1.441
2665,768775,103.8375331,1.4439
2666,768830,103.8381268,1.4299
2667,769162,103.8444383,1.4112
2668,769356,103.8270249,1.4388
2669,769369,103.827771,1.4394
2670,769380,103.8281821,1.4391
2671,769416,103.8253829,1.4426
2672,769579,103.8278633,1.4378
2673,769639,103.8262201,1.4407
2674,769657,103.8263414,1.4418
2675,769674,103.825509,1.4433
2676,769681,103.8262925,1.444
2677,769721,103.8263218,1.4389
2678,769777,103.8264563,1.4408
2679,769792,103.8269536,1.4414
2680,769820,103.8259502,1.4432
2681,769887,103.8273697,1.4374
2682,769929,103.8266207,1.4371
2683,769959,103.825419,1.42
2684,778986,103.8168843,1.403
2685,779077,103.8175794,1.403
2686,779253,103.8145573,1.404
2687,779393,103.8096603,1.4137
2688,786043,103.8237468,1.4061
2689,786066,103.8225851,1.4065
2690,786112,103.824073,1.4057
2691,786199,103.828246,1.3815
2692,786215,103.8225995,1.4059
2693,786223,103.8281662,1.3813
2694,786281,103.8285954,1.3815
2695,786338,103.8236429,1.4008
2696,786340,103.823694,1.4007
2697,786354,103.8235423,1.4006
2698,786366,103.823581,1.4003
2699,786421,103.8215951,1.405
2700,786441,103.8210904,1.4053
2701,786442,103.8208866,1.405
2702,786535,103.8392226,1.3875
2703,786548,103.838966,1.3871
2704,786606,103.8210508,1.4039
2705,786646,103.8199871,1.4042
2706,786685,103.834223,1.3887
2707,786826,103.8350883,1.3916
2708,787120,103.8179656,1.3994
2709,787124,103.81785,1.3999
2710,787126,103.8178176,1.4002
2711,787172,103.8316541,1.3817
2712,787191,103.8326764,1.3813
2713,787229,103.8291801,1.3805
2714,787242,103.8287565,1.3806
2715,787285,103.8187338,1.3983
2716,787323,103.8191645,1.3989
2717,787327,103.8192234,1.399
2718,787328,103.8190783,1.3984
2719,787346,103.8202735,1.3991
2720,787443,103.8193402,1.3978
2721,787553,103.8292501,1.3852
2722,787624,103.8271848,1.3872
2723,787726,103.8287256,1.3802
2724,787816,103.8282265,1.3866
2725,787818,103.8281455,1.3868
2726,787825,103.8282983,1.3879
2727,787957,103.8195602,1.3972
2728,788059,103.8213705,1.3964
2729,788071,103.8219168,1.3966
2730,788370,103.823954,1.4
2731,788433,103.8201843,1.3985
2732,788467,103.8214542,1.4003
2733,788471,103.8224813,1.4004
2734,788483,103.8231502,1.4003
2735,788531,103.8302075,1.3807
2736,788653,103.8306489,1.382
2737,788764,103.8362435,1.3892
2738,788765,103.8362884,1.3891
2739,788823,103.8381518,1.3889
2740,788824,103.8381766,1.389
2741,788874,103.8346525,1.3878
2742,788943,103.8369738,1.3891
2743,789013,103.8351238,1.3892
2744,789046,103.8355058,1.389
2745,789139,103.8356673,1.3881
2746,789175,103.837579,1.3872
2747,789180,103.8374656,1.3868
2748,789273,103.8367963,1.3856
2749,789311,103.837307,1.3849
2750,789361,103.8367323,1.3836
2751,789381,103.8301656,1.3817
2752,789560,103.8383056,1.3897
2753,789592,103.8361318,1.3865
2754,789615,103.8358883,1.3872
2755,789631,103.8353156,1.3874
2756,789737,103.8396622,1.3876
2757,789809,103.838893,1.3907
2758,78981,103.8442468,1.2783
2759,789822,103.8396589,1.3901
2760,789827,103.8398629,1.3899
2761,789837,103.8402664,1.3893
2762,789858,103.8409911,1.3882
2763,789963,103.8395784,1.3894
2764,79004,103.8444702,1.2777
2765,79014,103.8444285,1.2775
2766,790410,103.8766809,1.3902
2767,792435,103.8766449,1.3934
2768,79322,103.8447421,1.2777
2769,79323,103.8447342,1.2777
2770,79329,103.8446824,1.2774
2771,79333,103.8442449,1.2759
2772,793453,103.8750299,1.3935
2773,797440,103.8601549,1.4077
2774,797561,103.8693024,1.413
2775,797565,103.8629008,1.4031
2776,797593,103.8911807,1.423
2777,797600,103.894182,1.4211
2778,797653,103.876157,1.3914
2779,797684,103.8773689,1.3853
2780,797770,103.8752046,1.411
2781,798124,103.8674306,1.3908
2782,798344,103.8698453,1.4022
2783,798559,103.8795885,1.3864
2784,798586,103.8798712,1.3862
2785,798678,103.871009,1.4045
2786,798738,103.8740899,1.3981
2787,798946,103.8703765,1.4068
2788,799068,103.8721914,1.3971
2789,799072,103.8721885,1.3968
2790,799179,103.8721837,1.399
2791,799250,103.8716923,1.398
2792,799331,103.8702856,1.4
2793,799363,103.875117,1.3865
2794,799386,103.8767562,1.3854
2795,799429,103.8758916,1.3859
2796,799431,103.8765775,1.385
2797,799451,103.8727988,1.3959
2798,799457,103.8728143,1.3961
2799,799462,103.8733629,1.3972
2800,799652,103.8779804,1.3875
2801,799750,103.8765591,1.3866
2802,804379,103.8641938,1.3798
2803,804528,103.8556092,1.3891
2804,804532,103.8558248,1.3891
2805,804663,103.8661385,1.3802
2806,804726,103.8740535,1.3809
2807,804755,103.8757629,1.381
2808,804833,103.8724377,1.3805
2809,804873,103.8701253,1.3804
2810,804885,103.872931,1.3808
2811,804889,103.8726757,1.3808
2812,804893,103.8724232,1.3808
2813,804917,103.8710122,1.3808
2814,804952,103.864247,1.3814
2815,804989,103.8641863,1.3823
2816,805003,103.8637209,1.3819
2817,805100,103.8706492,1.3798
2818,805232,103.8753924,1.3804
2819,805250,103.874203,1.38
2820,805384,103.8552404,1.388
2821,805447,103.8597771,1.3838
2822,805458,103.8598058,1.3841
2823,805640,103.8664913,1.382
2824,805729,103.8611337,1.3849
2825,805738,103.8611966,1.3844
2826,805802,103.8615312,1.387
2827,805936,103.8642301,1.389
2828,805994,103.8662528,1.3871
2829,806012,103.8603024,1.3902
2830,806076,103.86082,1.3884
2831,806087,103.8596904,1.3892
2832,806103,103.8593916,1.3888
2833,806105,103.8587405,1.3882
2834,806238,103.8548068,1.3901
2835,806247,103.8544398,1.3904
2836,806251,103.8545064,1.3906
2837,806321,103.8547676,1.3888
2838,806347,103.857089,1.3877
2839,806426,103.8567643,1.3868
2840,806431,103.8566974,1.3865
2841,806481,103.8548177,1.3898
2842,806547,103.8559547,1.3899
2843,806559,103.8557701,1.3904
2844,806645,103.8559014,1.3874
2845,806667,103.8552573,1.3911
2846,806683,103.8562065,1.3901
2847,806727,103.8568029,1.3859
2848,806763,103.8667885,1.3797
2849,806882,103.8669273,1.3816
2850,806954,103.8694311,1.3816
2851,807030,103.8760049,1.3837
2852,807036,103.8757986,1.3839
2853,807095,103.8736417,1.3865
2854,807168,103.8711979,1.3863
2855,807243,103.8603199,1.3866
2856,807443,103.8605444,1.3856
2857,807558,103.8623929,1.3812
2858,807688,103.8672593,1.3817
2859,807700,103.8674948,1.3815
2860,807742,103.8676936,1.387
2861,807769,103.8681416,1.3852
2862,807780,103.8679477,1.3833
2863,807830,103.8667431,1.3853
2864,807910,103.861739,1.383
2865,807998,103.8618482,1.3831
2866,808001,103.8620477,1.3839
2867,808137,103.8619182,1.3818
2868,808266,103.866897,1.3861
2869,808314,103.864431,1.3859
2870,808437,103.8732296,1.386
2871,808443,103.8728764,1.3856
2872,808470,103.872052,1.3839
2873,808579,103.8702853,1.3846
2874,808603,103.8704967,1.3861
2875,808626,103.8710014,1.3873
2876,808845,103.8720379,1.3856
2877,808864,103.874982,1.3839
2878,808885,103.8743029,1.3851
2879,808889,103.8742231,1.3851
2880,809030,103.8760531,1.3834
2881,809049,103.875355,1.3835
2882,809090,103.8696757,1.3855
2883,809124,103.8698792,1.3835
2884,809282,103.8754176,1.3819
2885,809328,103.8724786,1.3862
2886,809346,103.8712723,1.3829
2887,809350,103.8713036,1.3831
2888,809592,103.8505575,1.3908
2889,809628,103.8510756,1.3901
2890,809683,103.8520353,1.3888
2891,809797,103.862056,1.3862
2892,809862,103.8646529,1.3873
2893,809863,103.864347,1.3866
2894,809903,103.862879,1.3869
2895,809931,103.8631987,1.3868
2896,809943,103.8622957,1.3879
2897,809982,103.8631997,1.3893
2898,819481,103.9917048,1.3714
2899,819642,103.9906055,1.3613
2900,820102,103.9056544,1.3983
2901,820188,103.9105385,1.3989
2902,820292,103.9050584,1.4024
2903,820308,103.8990744,1.408
2904,820671,103.9119913,1.4057
2905,821326,103.8993268,1.413
2906,821413,103.9001646,1.4162
2907,821668,103.9124119,1.405
2908,821676,103.9098707,1.4048
2909,821684,103.9158786,1.4028
2910,822109,103.9096342,1.395
2911,822174,103.9108129,1.3967
2912,822678,103.90884,1.4058
2913,824167,103.9145293,1.3945
2914,824226,103.8936349,1.4031
2915,824617,103.912808,1.4016
2916,824672,103.9109236,1.4076
2917,828645,103.9021563,1.4159
2918,828733,103.9127157,1.3971
2919,828746,103.9121653,1.3909
2920,828770,103.8973788,1.4028
2921,828777,103.8967673,1.4009
2922,828802,103.9186216,1.3988
2923,828863,103.8985585,1.4085
2924,828866,103.9117001,1.397
2925,828869,103.9074305,1.4003
2926,829490,103.9084983,1.4189
2927,829653,103.9046646,1.4148
2928,829654,103.9045314,1.4147
2929,829669,103.9040069,1.4147
2930,829696,103.9042875,1.4156
2931,829724,103.9030901,1.4155
2932,829766,103.9028862,1.415
2933,88322,103.8408718,1.2803
2934,88381,103.8418777,1.2801
2935,88382,103.8420835,1.2802
2936,88471,103.8436657,1.2792
2937,88488,103.8439288,1.2782
2938,88510,103.8437868,1.2776
2939,88746,103.8423632,1.2825
2940,88805,103.8437427,1.2802
2941,88808,103.8436291,1.2801
2942,88815,103.8433689,1.2799
2943,88833,103.8422628,1.28
2944,88852,103.8417699,1.2792
2945,88855,103.841679,1.2791
2946,88983,103.842437,1.2801
2947,89127,103.8416617,1.28
2948,89169,103.8423516,1.2822
2949,89310,103.842721,1.2739
2950,89381,103.8374214,1.2764
2951,89676,103.8418015,1.2782
2952,89749,103.8403451,1.2788
2953,89833,103.8405527,1.279
2954,90036,103.8220284,1.2726
2955,90039,103.8225083,1.2717
2956,91017,103.821604,1.2774
2957,98085,103.8338014,1.2408
2958,98253,103.8374705,1.2412
2959,98323,103.8315268,1.2615
2960,98337,103.8435271,1.2488
2961,98398,103.837861,1.2497
2962,98403,103.8141129,1.2677
2963,98405,103.8133012,1.2668
2964,98516,103.8472312,1.2513
2965,98830,103.8227447,1.2662
